"Execution Time (UTC)","Execution Time (Local)","Technique","Test Number","Test Name","Hostname","IP Address","Username","GUID","ProcessId","ExitCode"
"2025-04-21T04:40:35Z","2025-04-21T07:40:35Z","T1053.005","5","Task Scheduler via VBA","sysmon-loggen","System.Object[]","sysmon-loggen\vboxuser","ecd3fa21-7792-41a2-8726-2c5c673414d3","7008","0"
"2025-04-21T04:41:11Z","2025-04-21T07:41:11Z","T1053.005","5","Task Scheduler via VBA","sysmon-loggen","System.Object[]","sysmon-loggen\vboxuser","ecd3fa21-7792-41a2-8726-2c5c673414d3","11004","0"
"2025-04-21T04:41:36Z","2025-04-21T07:41:36Z","T1053.005","5","Task Scheduler via VBA","sysmon-loggen","System.Object[]","sysmon-loggen\vboxuser","ecd3fa21-7792-41a2-8726-2c5c673414d3","12760","0"
"2025-04-21T04:42:10Z","2025-04-21T07:42:10Z","T1053.005","5","Task Scheduler via VBA","sysmon-loggen","System.Object[]","sysmon-loggen\vboxuser","ecd3fa21-7792-41a2-8726-2c5c673414d3","15716","0"
"2025-04-21T04:42:49Z","2025-04-21T07:42:49Z","T1053.005","5","Task Scheduler via VBA","sysmon-loggen","System.Object[]","sysmon-loggen\vboxuser","ecd3fa21-7792-41a2-8726-2c5c673414d3","4612","0"
"2025-04-21T04:43:29Z","2025-04-21T07:43:29Z","T1053.005","5","Task Scheduler via VBA","sysmon-loggen","System.Object[]","sysmon-loggen\vboxuser","ecd3fa21-7792-41a2-8726-2c5c673414d3","13604","0"
"2025-04-21T04:44:03Z","2025-04-21T07:44:03Z","T1053.005","5","Task Scheduler via VBA","sysmon-loggen","System.Object[]","sysmon-loggen\vboxuser","ecd3fa21-7792-41a2-8726-2c5c673414d3","12496","0"
"2025-04-21T04:44:32Z","2025-04-21T07:44:32Z","T1053.005","5","Task Scheduler via VBA","sysmon-loggen","System.Object[]","sysmon-loggen\vboxuser","ecd3fa21-7792-41a2-8726-2c5c673414d3","14952","0"
"2025-04-21T04:45:00Z","2025-04-21T07:45:00Z","T1053.005","5","Task Scheduler via VBA","sysmon-loggen","System.Object[]","sysmon-loggen\vboxuser","ecd3fa21-7792-41a2-8726-2c5c673414d3","1644","0"
"2025-04-21T04:45:41Z","2025-04-21T07:45:41Z","T1053.005","5","Task Scheduler via VBA","sysmon-loggen","System.Object[]","sysmon-loggen\vboxuser","ecd3fa21-7792-41a2-8726-2c5c673414d3","9060","0"
"2025-04-21T04:46:14Z","2025-04-21T07:46:14Z","T1053.005","5","Task Scheduler via VBA","sysmon-loggen","System.Object[]","sysmon-loggen\vboxuser","ecd3fa21-7792-41a2-8726-2c5c673414d3","13056","0"
"2025-04-21T04:46:47Z","2025-04-21T07:46:47Z","T1053.005","5","Task Scheduler via VBA","sysmon-loggen","System.Object[]","sysmon-loggen\vboxuser","ecd3fa21-7792-41a2-8726-2c5c673414d3","14512","0"
"2025-04-21T04:47:22Z","2025-04-21T07:47:22Z","T1053.005","5","Task Scheduler via VBA","sysmon-loggen","System.Object[]","sysmon-loggen\vboxuser","ecd3fa21-7792-41a2-8726-2c5c673414d3","10944","0"
"2025-04-21T04:47:53Z","2025-04-21T07:47:53Z","T1053.005","5","Task Scheduler via VBA","sysmon-loggen","System.Object[]","sysmon-loggen\vboxuser","ecd3fa21-7792-41a2-8726-2c5c673414d3","1280","0"
"2025-04-21T04:48:29Z","2025-04-21T07:48:29Z","T1053.005","5","Task Scheduler via VBA","sysmon-loggen","System.Object[]","sysmon-loggen\vboxuser","ecd3fa21-7792-41a2-8726-2c5c673414d3","15992","0"
"2025-04-21T04:48:59Z","2025-04-21T07:48:59Z","T1053.005","5","Task Scheduler via VBA","sysmon-loggen","System.Object[]","sysmon-loggen\vboxuser","ecd3fa21-7792-41a2-8726-2c5c673414d3","1344","0"
"2025-04-21T04:49:35Z","2025-04-21T07:49:35Z","T1053.005","5","Task Scheduler via VBA","sysmon-loggen","System.Object[]","sysmon-loggen\vboxuser","ecd3fa21-7792-41a2-8726-2c5c673414d3","7932","0"
"2025-04-21T04:50:04Z","2025-04-21T07:50:04Z","T1053.005","5","Task Scheduler via VBA","sysmon-loggen","System.Object[]","sysmon-loggen\vboxuser","ecd3fa21-7792-41a2-8726-2c5c673414d3","2312","0"
"2025-04-21T04:50:41Z","2025-04-21T07:50:41Z","T1053.005","5","Task Scheduler via VBA","sysmon-loggen","System.Object[]","sysmon-loggen\vboxuser","ecd3fa21-7792-41a2-8726-2c5c673414d3","14276","0"
"2025-04-21T04:51:19Z","2025-04-21T07:51:19Z","T1053.005","5","Task Scheduler via VBA","sysmon-loggen","System.Object[]","sysmon-loggen\vboxuser","ecd3fa21-7792-41a2-8726-2c5c673414d3","16240","0"
"2025-04-21T04:51:48Z","2025-04-21T07:51:48Z","T1053.005","5","Task Scheduler via VBA","sysmon-loggen","System.Object[]","sysmon-loggen\vboxuser","ecd3fa21-7792-41a2-8726-2c5c673414d3","11444","0"
"2025-04-21T04:52:20Z","2025-04-21T07:52:20Z","T1053.005","5","Task Scheduler via VBA","sysmon-loggen","System.Object[]","sysmon-loggen\vboxuser","ecd3fa21-7792-41a2-8726-2c5c673414d3","8292","0"
"2025-04-21T04:52:53Z","2025-04-21T07:52:53Z","T1053.005","5","Task Scheduler via VBA","sysmon-loggen","System.Object[]","sysmon-loggen\vboxuser","ecd3fa21-7792-41a2-8726-2c5c673414d3","5028","0"
"2025-04-21T04:53:24Z","2025-04-21T07:53:24Z","T1053.005","5","Task Scheduler via VBA","sysmon-loggen","System.Object[]","sysmon-loggen\vboxuser","ecd3fa21-7792-41a2-8726-2c5c673414d3","15812","0"
"2025-04-21T04:54:05Z","2025-04-21T07:54:05Z","T1053.005","5","Task Scheduler via VBA","sysmon-loggen","System.Object[]","sysmon-loggen\vboxuser","ecd3fa21-7792-41a2-8726-2c5c673414d3","3616","0"
"2025-04-21T04:54:32Z","2025-04-21T07:54:32Z","T1053.005","5","Task Scheduler via VBA","sysmon-loggen","System.Object[]","sysmon-loggen\vboxuser","ecd3fa21-7792-41a2-8726-2c5c673414d3","5156","0"
"2025-04-21T04:55:05Z","2025-04-21T07:55:05Z","T1053.005","5","Task Scheduler via VBA","sysmon-loggen","System.Object[]","sysmon-loggen\vboxuser","ecd3fa21-7792-41a2-8726-2c5c673414d3","9464","0"
"2025-04-21T04:55:45Z","2025-04-21T07:55:45Z","T1053.005","5","Task Scheduler via VBA","sysmon-loggen","System.Object[]","sysmon-loggen\vboxuser","ecd3fa21-7792-41a2-8726-2c5c673414d3","4432","0"
"2025-04-21T04:56:27Z","2025-04-21T07:56:27Z","T1053.005","5","Task Scheduler via VBA","sysmon-loggen","System.Object[]","sysmon-loggen\vboxuser","ecd3fa21-7792-41a2-8726-2c5c673414d3","14052","0"
"2025-04-21T04:57:11Z","2025-04-21T07:57:11Z","T1053.005","5","Task Scheduler via VBA","sysmon-loggen","System.Object[]","sysmon-loggen\vboxuser","ecd3fa21-7792-41a2-8726-2c5c673414d3","11548","0"
"2025-04-21T04:57:39Z","2025-04-21T07:57:39Z","T1053.005","5","Task Scheduler via VBA","sysmon-loggen","System.Object[]","sysmon-loggen\vboxuser","ecd3fa21-7792-41a2-8726-2c5c673414d3","440","0"
"2025-04-21T04:58:21Z","2025-04-21T07:58:21Z","T1053.005","5","Task Scheduler via VBA","sysmon-loggen","System.Object[]","sysmon-loggen\vboxuser","ecd3fa21-7792-41a2-8726-2c5c673414d3","3332","0"
"2025-04-21T04:58:58Z","2025-04-21T07:58:58Z","T1053.005","5","Task Scheduler via VBA","sysmon-loggen","System.Object[]","sysmon-loggen\vboxuser","ecd3fa21-7792-41a2-8726-2c5c673414d3","15408","0"
"2025-04-21T04:59:36Z","2025-04-21T07:59:36Z","T1053.005","5","Task Scheduler via VBA","sysmon-loggen","System.Object[]","sysmon-loggen\vboxuser","ecd3fa21-7792-41a2-8726-2c5c673414d3","15864","0"
"2025-04-21T05:00:03Z","2025-04-21T08:00:03Z","T1053.005","5","Task Scheduler via VBA","sysmon-loggen","System.Object[]","sysmon-loggen\vboxuser","ecd3fa21-7792-41a2-8726-2c5c673414d3","14856","0"
"2025-04-21T05:00:39Z","2025-04-21T08:00:39Z","T1053.005","5","Task Scheduler via VBA","sysmon-loggen","System.Object[]","sysmon-loggen\vboxuser","ecd3fa21-7792-41a2-8726-2c5c673414d3","10344","0"
"2025-04-21T05:01:20Z","2025-04-21T08:01:20Z","T1053.005","5","Task Scheduler via VBA","sysmon-loggen","System.Object[]","sysmon-loggen\vboxuser","ecd3fa21-7792-41a2-8726-2c5c673414d3","14292","0"
"2025-04-21T05:01:49Z","2025-04-21T08:01:49Z","T1053.005","5","Task Scheduler via VBA","sysmon-loggen","System.Object[]","sysmon-loggen\vboxuser","ecd3fa21-7792-41a2-8726-2c5c673414d3","13720","0"
"2025-04-21T05:02:16Z","2025-04-21T08:02:16Z","T1053.005","5","Task Scheduler via VBA","sysmon-loggen","System.Object[]","sysmon-loggen\vboxuser","ecd3fa21-7792-41a2-8726-2c5c673414d3","8176","0"
"2025-04-21T05:02:58Z","2025-04-21T08:02:58Z","T1053.005","5","Task Scheduler via VBA","sysmon-loggen","System.Object[]","sysmon-loggen\vboxuser","ecd3fa21-7792-41a2-8726-2c5c673414d3","11140","0"
"2025-04-21T05:03:36Z","2025-04-21T08:03:36Z","T1053.005","5","Task Scheduler via VBA","sysmon-loggen","System.Object[]","sysmon-loggen\vboxuser","ecd3fa21-7792-41a2-8726-2c5c673414d3","5068","0"
"2025-04-21T05:04:08Z","2025-04-21T08:04:08Z","T1053.005","5","Task Scheduler via VBA","sysmon-loggen","System.Object[]","sysmon-loggen\vboxuser","ecd3fa21-7792-41a2-8726-2c5c673414d3","3056","0"
"2025-04-21T05:04:46Z","2025-04-21T08:04:46Z","T1053.005","5","Task Scheduler via VBA","sysmon-loggen","System.Object[]","sysmon-loggen\vboxuser","ecd3fa21-7792-41a2-8726-2c5c673414d3","14352","0"
"2025-04-21T05:05:14Z","2025-04-21T08:05:14Z","T1053.005","5","Task Scheduler via VBA","sysmon-loggen","System.Object[]","sysmon-loggen\vboxuser","ecd3fa21-7792-41a2-8726-2c5c673414d3","3052","0"
"2025-04-21T05:05:44Z","2025-04-21T08:05:44Z","T1053.005","5","Task Scheduler via VBA","sysmon-loggen","System.Object[]","sysmon-loggen\vboxuser","ecd3fa21-7792-41a2-8726-2c5c673414d3","5008","0"
"2025-04-21T05:06:20Z","2025-04-21T08:06:20Z","T1053.005","5","Task Scheduler via VBA","sysmon-loggen","System.Object[]","sysmon-loggen\vboxuser","ecd3fa21-7792-41a2-8726-2c5c673414d3","14900","0"
"2025-04-21T05:06:56Z","2025-04-21T08:06:56Z","T1053.005","5","Task Scheduler via VBA","sysmon-loggen","System.Object[]","sysmon-loggen\vboxuser","ecd3fa21-7792-41a2-8726-2c5c673414d3","10352","0"
"2025-04-21T05:07:40Z","2025-04-21T08:07:40Z","T1053.005","5","Task Scheduler via VBA","sysmon-loggen","System.Object[]","sysmon-loggen\vboxuser","ecd3fa21-7792-41a2-8726-2c5c673414d3","5796","0"
"2025-04-21T05:08:15Z","2025-04-21T08:08:15Z","T1053.005","5","Task Scheduler via VBA","sysmon-loggen","System.Object[]","sysmon-loggen\vboxuser","ecd3fa21-7792-41a2-8726-2c5c673414d3","4568","0"
"2025-04-21T05:08:49Z","2025-04-21T08:08:49Z","T1053.005","5","Task Scheduler via VBA","sysmon-loggen","System.Object[]","sysmon-loggen\vboxuser","ecd3fa21-7792-41a2-8726-2c5c673414d3","12892","0"
"2025-04-21T05:09:23Z","2025-04-21T08:09:23Z","T1053.005","5","Task Scheduler via VBA","sysmon-loggen","System.Object[]","sysmon-loggen\vboxuser","ecd3fa21-7792-41a2-8726-2c5c673414d3","12964","0"
"2025-04-21T05:10:03Z","2025-04-21T08:10:03Z","T1053.005","5","Task Scheduler via VBA","sysmon-loggen","System.Object[]","sysmon-loggen\vboxuser","ecd3fa21-7792-41a2-8726-2c5c673414d3","15004","0"
"2025-04-21T05:10:29Z","2025-04-21T08:10:29Z","T1053.005","5","Task Scheduler via VBA","sysmon-loggen","System.Object[]","sysmon-loggen\vboxuser","ecd3fa21-7792-41a2-8726-2c5c673414d3","13624","0"
"2025-04-21T05:11:01Z","2025-04-21T08:11:01Z","T1053.005","5","Task Scheduler via VBA","sysmon-loggen","System.Object[]","sysmon-loggen\vboxuser","ecd3fa21-7792-41a2-8726-2c5c673414d3","15716","0"
"2025-04-21T05:11:29Z","2025-04-21T08:11:29Z","T1053.005","5","Task Scheduler via VBA","sysmon-loggen","System.Object[]","sysmon-loggen\vboxuser","ecd3fa21-7792-41a2-8726-2c5c673414d3","1496","0"
"2025-04-21T05:12:05Z","2025-04-21T08:12:05Z","T1053.005","5","Task Scheduler via VBA","sysmon-loggen","System.Object[]","sysmon-loggen\vboxuser","ecd3fa21-7792-41a2-8726-2c5c673414d3","1116","0"
"2025-04-21T05:12:32Z","2025-04-21T08:12:32Z","T1053.005","5","Task Scheduler via VBA","sysmon-loggen","System.Object[]","sysmon-loggen\vboxuser","ecd3fa21-7792-41a2-8726-2c5c673414d3","14616","0"
"2025-04-21T05:13:09Z","2025-04-21T08:13:09Z","T1053.005","5","Task Scheduler via VBA","sysmon-loggen","System.Object[]","sysmon-loggen\vboxuser","ecd3fa21-7792-41a2-8726-2c5c673414d3","12236","0"
"2025-04-21T05:13:47Z","2025-04-21T08:13:47Z","T1053.005","5","Task Scheduler via VBA","sysmon-loggen","System.Object[]","sysmon-loggen\vboxuser","ecd3fa21-7792-41a2-8726-2c5c673414d3","13844","0"
"2025-04-21T05:14:14Z","2025-04-21T08:14:14Z","T1053.005","5","Task Scheduler via VBA","sysmon-loggen","System.Object[]","sysmon-loggen\vboxuser","ecd3fa21-7792-41a2-8726-2c5c673414d3","13932","0"
"2025-04-21T05:14:51Z","2025-04-21T08:14:51Z","T1053.005","5","Task Scheduler via VBA","sysmon-loggen","System.Object[]","sysmon-loggen\vboxuser","ecd3fa21-7792-41a2-8726-2c5c673414d3","13416","0"
"2025-04-21T05:15:30Z","2025-04-21T08:15:30Z","T1053.005","5","Task Scheduler via VBA","sysmon-loggen","System.Object[]","sysmon-loggen\vboxuser","ecd3fa21-7792-41a2-8726-2c5c673414d3","2812","0"
"2025-04-21T05:16:10Z","2025-04-21T08:16:10Z","T1053.005","5","Task Scheduler via VBA","sysmon-loggen","System.Object[]","sysmon-loggen\vboxuser","ecd3fa21-7792-41a2-8726-2c5c673414d3","3556","0"
"2025-04-21T05:16:49Z","2025-04-21T08:16:49Z","T1053.005","5","Task Scheduler via VBA","sysmon-loggen","System.Object[]","sysmon-loggen\vboxuser","ecd3fa21-7792-41a2-8726-2c5c673414d3","3112","0"
"2025-04-21T05:17:30Z","2025-04-21T08:17:30Z","T1053.005","5","Task Scheduler via VBA","sysmon-loggen","System.Object[]","sysmon-loggen\vboxuser","ecd3fa21-7792-41a2-8726-2c5c673414d3","2296","0"
"2025-04-21T05:18:03Z","2025-04-21T08:18:03Z","T1053.005","5","Task Scheduler via VBA","sysmon-loggen","System.Object[]","sysmon-loggen\vboxuser","ecd3fa21-7792-41a2-8726-2c5c673414d3","15404","0"
"2025-04-21T05:18:35Z","2025-04-21T08:18:35Z","T1053.005","5","Task Scheduler via VBA","sysmon-loggen","System.Object[]","sysmon-loggen\vboxuser","ecd3fa21-7792-41a2-8726-2c5c673414d3","13276","0"
"2025-04-21T05:19:14Z","2025-04-21T08:19:14Z","T1053.005","5","Task Scheduler via VBA","sysmon-loggen","System.Object[]","sysmon-loggen\vboxuser","ecd3fa21-7792-41a2-8726-2c5c673414d3","15648","0"
"2025-04-21T05:19:53Z","2025-04-21T08:19:53Z","T1053.005","5","Task Scheduler via VBA","sysmon-loggen","System.Object[]","sysmon-loggen\vboxuser","ecd3fa21-7792-41a2-8726-2c5c673414d3","1108","0"
"2025-04-21T05:20:27Z","2025-04-21T08:20:27Z","T1053.005","5","Task Scheduler via VBA","sysmon-loggen","System.Object[]","sysmon-loggen\vboxuser","ecd3fa21-7792-41a2-8726-2c5c673414d3","11204","0"
"2025-04-21T05:20:58Z","2025-04-21T08:20:58Z","T1053.005","5","Task Scheduler via VBA","sysmon-loggen","System.Object[]","sysmon-loggen\vboxuser","ecd3fa21-7792-41a2-8726-2c5c673414d3","14920","0"
"2025-04-21T05:21:35Z","2025-04-21T08:21:35Z","T1053.005","5","Task Scheduler via VBA","sysmon-loggen","System.Object[]","sysmon-loggen\vboxuser","ecd3fa21-7792-41a2-8726-2c5c673414d3","8832","0"
"2025-04-21T05:22:10Z","2025-04-21T08:22:10Z","T1053.005","5","Task Scheduler via VBA","sysmon-loggen","System.Object[]","sysmon-loggen\vboxuser","ecd3fa21-7792-41a2-8726-2c5c673414d3","14960","0"
"2025-04-21T05:22:44Z","2025-04-21T08:22:44Z","T1053.005","5","Task Scheduler via VBA","sysmon-loggen","System.Object[]","sysmon-loggen\vboxuser","ecd3fa21-7792-41a2-8726-2c5c673414d3","15684","0"
"2025-04-21T05:23:16Z","2025-04-21T08:23:16Z","T1053.005","5","Task Scheduler via VBA","sysmon-loggen","System.Object[]","sysmon-loggen\vboxuser","ecd3fa21-7792-41a2-8726-2c5c673414d3","2032","0"
"2025-04-21T05:24:00Z","2025-04-21T08:24:00Z","T1053.005","5","Task Scheduler via VBA","sysmon-loggen","System.Object[]","sysmon-loggen\vboxuser","ecd3fa21-7792-41a2-8726-2c5c673414d3","12588","0"
"2025-04-21T05:24:31Z","2025-04-21T08:24:31Z","T1053.005","5","Task Scheduler via VBA","sysmon-loggen","System.Object[]","sysmon-loggen\vboxuser","ecd3fa21-7792-41a2-8726-2c5c673414d3","6212","0"
"2025-04-21T05:25:09Z","2025-04-21T08:25:09Z","T1053.005","5","Task Scheduler via VBA","sysmon-loggen","System.Object[]","sysmon-loggen\vboxuser","ecd3fa21-7792-41a2-8726-2c5c673414d3","3584","0"
"2025-04-21T05:25:42Z","2025-04-21T08:25:42Z","T1053.005","5","Task Scheduler via VBA","sysmon-loggen","System.Object[]","sysmon-loggen\vboxuser","ecd3fa21-7792-41a2-8726-2c5c673414d3","15584","0"
"2025-04-21T05:26:19Z","2025-04-21T08:26:19Z","T1053.005","5","Task Scheduler via VBA","sysmon-loggen","System.Object[]","sysmon-loggen\vboxuser","ecd3fa21-7792-41a2-8726-2c5c673414d3","15256","0"
"2025-04-21T05:27:01Z","2025-04-21T08:27:01Z","T1053.005","5","Task Scheduler via VBA","sysmon-loggen","System.Object[]","sysmon-loggen\vboxuser","ecd3fa21-7792-41a2-8726-2c5c673414d3","12864","0"
"2025-04-21T05:27:35Z","2025-04-21T08:27:35Z","T1053.005","5","Task Scheduler via VBA","sysmon-loggen","System.Object[]","sysmon-loggen\vboxuser","ecd3fa21-7792-41a2-8726-2c5c673414d3","15312","0"
"2025-04-21T05:28:04Z","2025-04-21T08:28:04Z","T1053.005","5","Task Scheduler via VBA","sysmon-loggen","System.Object[]","sysmon-loggen\vboxuser","ecd3fa21-7792-41a2-8726-2c5c673414d3","13288","0"
"2025-04-21T05:28:47Z","2025-04-21T08:28:47Z","T1053.005","5","Task Scheduler via VBA","sysmon-loggen","System.Object[]","sysmon-loggen\vboxuser","ecd3fa21-7792-41a2-8726-2c5c673414d3","11964","0"
"2025-04-21T05:29:13Z","2025-04-21T08:29:13Z","T1053.005","5","Task Scheduler via VBA","sysmon-loggen","System.Object[]","sysmon-loggen\vboxuser","ecd3fa21-7792-41a2-8726-2c5c673414d3","10356","0"
"2025-04-21T05:29:46Z","2025-04-21T08:29:46Z","T1053.005","5","Task Scheduler via VBA","sysmon-loggen","System.Object[]","sysmon-loggen\vboxuser","ecd3fa21-7792-41a2-8726-2c5c673414d3","16180","0"
"2025-04-21T05:30:29Z","2025-04-21T08:30:29Z","T1053.005","5","Task Scheduler via VBA","sysmon-loggen","System.Object[]","sysmon-loggen\vboxuser","ecd3fa21-7792-41a2-8726-2c5c673414d3","12528","0"
"2025-04-21T05:30:55Z","2025-04-21T08:30:55Z","T1053.005","5","Task Scheduler via VBA","sysmon-loggen","System.Object[]","sysmon-loggen\vboxuser","ecd3fa21-7792-41a2-8726-2c5c673414d3","7016","0"
"2025-04-21T05:31:36Z","2025-04-21T08:31:36Z","T1053.005","5","Task Scheduler via VBA","sysmon-loggen","System.Object[]","sysmon-loggen\vboxuser","ecd3fa21-7792-41a2-8726-2c5c673414d3","6224","0"
"2025-04-21T05:32:09Z","2025-04-21T08:32:09Z","T1053.005","5","Task Scheduler via VBA","sysmon-loggen","System.Object[]","sysmon-loggen\vboxuser","ecd3fa21-7792-41a2-8726-2c5c673414d3","3208","0"
"2025-04-21T05:32:43Z","2025-04-21T08:32:43Z","T1053.005","5","Task Scheduler via VBA","sysmon-loggen","System.Object[]","sysmon-loggen\vboxuser","ecd3fa21-7792-41a2-8726-2c5c673414d3","13604","0"
"2025-04-21T05:33:16Z","2025-04-21T08:33:16Z","T1053.005","5","Task Scheduler via VBA","sysmon-loggen","System.Object[]","sysmon-loggen\vboxuser","ecd3fa21-7792-41a2-8726-2c5c673414d3","15556","0"
"2025-04-21T05:33:55Z","2025-04-21T08:33:55Z","T1053.005","5","Task Scheduler via VBA","sysmon-loggen","System.Object[]","sysmon-loggen\vboxuser","ecd3fa21-7792-41a2-8726-2c5c673414d3","12832","0"
"2025-04-21T05:34:25Z","2025-04-21T08:34:25Z","T1053.005","5","Task Scheduler via VBA","sysmon-loggen","System.Object[]","sysmon-loggen\vboxuser","ecd3fa21-7792-41a2-8726-2c5c673414d3","14456","0"
"2025-04-21T05:34:52Z","2025-04-21T08:34:52Z","T1053.005","5","Task Scheduler via VBA","sysmon-loggen","System.Object[]","sysmon-loggen\vboxuser","ecd3fa21-7792-41a2-8726-2c5c673414d3","3376","0"
"2025-04-21T05:35:32Z","2025-04-21T08:35:32Z","T1053.005","5","Task Scheduler via VBA","sysmon-loggen","System.Object[]","sysmon-loggen\vboxuser","ecd3fa21-7792-41a2-8726-2c5c673414d3","7048","0"
"2025-04-21T05:36:08Z","2025-04-21T08:36:08Z","T1053.005","5","Task Scheduler via VBA","sysmon-loggen","System.Object[]","sysmon-loggen\vboxuser","ecd3fa21-7792-41a2-8726-2c5c673414d3","1128","0"
"2025-04-21T05:36:46Z","2025-04-21T08:36:46Z","T1053.005","5","Task Scheduler via VBA","sysmon-loggen","System.Object[]","sysmon-loggen\vboxuser","ecd3fa21-7792-41a2-8726-2c5c673414d3","13964","0"
"2025-04-21T05:37:21Z","2025-04-21T08:37:21Z","T1053.005","5","Task Scheduler via VBA","sysmon-loggen","System.Object[]","sysmon-loggen\vboxuser","ecd3fa21-7792-41a2-8726-2c5c673414d3","14220","0"
"2025-04-21T05:37:50Z","2025-04-21T08:37:50Z","T1053.005","5","Task Scheduler via VBA","sysmon-loggen","System.Object[]","sysmon-loggen\vboxuser","ecd3fa21-7792-41a2-8726-2c5c673414d3","7708","0"
"2025-04-21T05:38:23Z","2025-04-21T08:38:23Z","T1053.005","5","Task Scheduler via VBA","sysmon-loggen","System.Object[]","sysmon-loggen\vboxuser","ecd3fa21-7792-41a2-8726-2c5c673414d3","3304","0"
"2025-04-21T05:39:06Z","2025-04-21T08:39:06Z","T1053.005","5","Task Scheduler via VBA","sysmon-loggen","System.Object[]","sysmon-loggen\vboxuser","ecd3fa21-7792-41a2-8726-2c5c673414d3","8292","0"
"2025-04-21T05:39:49Z","2025-04-21T08:39:49Z","T1053.005","5","Task Scheduler via VBA","sysmon-loggen","System.Object[]","sysmon-loggen\vboxuser","ecd3fa21-7792-41a2-8726-2c5c673414d3","11248","0"
"2025-04-21T05:40:28Z","2025-04-21T08:40:28Z","T1053.005","5","Task Scheduler via VBA","sysmon-loggen","System.Object[]","sysmon-loggen\vboxuser","ecd3fa21-7792-41a2-8726-2c5c673414d3","1744","0"
"2025-04-21T05:41:09Z","2025-04-21T08:41:09Z","T1053.005","5","Task Scheduler via VBA","sysmon-loggen","System.Object[]","sysmon-loggen\vboxuser","ecd3fa21-7792-41a2-8726-2c5c673414d3","4520","0"
"2025-04-21T05:41:43Z","2025-04-21T08:41:43Z","T1053.005","5","Task Scheduler via VBA","sysmon-loggen","System.Object[]","sysmon-loggen\vboxuser","ecd3fa21-7792-41a2-8726-2c5c673414d3","13260","0"
"2025-04-21T05:42:19Z","2025-04-21T08:42:19Z","T1053.005","5","Task Scheduler via VBA","sysmon-loggen","System.Object[]","sysmon-loggen\vboxuser","ecd3fa21-7792-41a2-8726-2c5c673414d3","12316","0"
"2025-04-21T05:42:59Z","2025-04-21T08:42:59Z","T1053.005","5","Task Scheduler via VBA","sysmon-loggen","System.Object[]","sysmon-loggen\vboxuser","ecd3fa21-7792-41a2-8726-2c5c673414d3","6292","0"
"2025-04-21T05:43:37Z","2025-04-21T08:43:37Z","T1053.005","5","Task Scheduler via VBA","sysmon-loggen","System.Object[]","sysmon-loggen\vboxuser","ecd3fa21-7792-41a2-8726-2c5c673414d3","15316","0"
"2025-04-21T05:44:10Z","2025-04-21T08:44:10Z","T1053.005","5","Task Scheduler via VBA","sysmon-loggen","System.Object[]","sysmon-loggen\vboxuser","ecd3fa21-7792-41a2-8726-2c5c673414d3","9060","0"
"2025-04-21T05:44:41Z","2025-04-21T08:44:41Z","T1053.005","5","Task Scheduler via VBA","sysmon-loggen","System.Object[]","sysmon-loggen\vboxuser","ecd3fa21-7792-41a2-8726-2c5c673414d3","10528","0"
"2025-04-21T05:45:12Z","2025-04-21T08:45:12Z","T1053.005","5","Task Scheduler via VBA","sysmon-loggen","System.Object[]","sysmon-loggen\vboxuser","ecd3fa21-7792-41a2-8726-2c5c673414d3","16048","0"
"2025-04-21T05:45:44Z","2025-04-21T08:45:44Z","T1053.005","5","Task Scheduler via VBA","sysmon-loggen","System.Object[]","sysmon-loggen\vboxuser","ecd3fa21-7792-41a2-8726-2c5c673414d3","2544","0"
"2025-04-21T05:46:10Z","2025-04-21T08:46:10Z","T1053.005","5","Task Scheduler via VBA","sysmon-loggen","System.Object[]","sysmon-loggen\vboxuser","ecd3fa21-7792-41a2-8726-2c5c673414d3","2628","0"
"2025-04-21T05:46:37Z","2025-04-21T08:46:37Z","T1053.005","5","Task Scheduler via VBA","sysmon-loggen","System.Object[]","sysmon-loggen\vboxuser","ecd3fa21-7792-41a2-8726-2c5c673414d3","6524","0"
"2025-04-21T05:47:06Z","2025-04-21T08:47:06Z","T1053.005","5","Task Scheduler via VBA","sysmon-loggen","System.Object[]","sysmon-loggen\vboxuser","ecd3fa21-7792-41a2-8726-2c5c673414d3","15412","0"
"2025-04-21T05:47:43Z","2025-04-21T08:47:43Z","T1053.005","5","Task Scheduler via VBA","sysmon-loggen","System.Object[]","sysmon-loggen\vboxuser","ecd3fa21-7792-41a2-8726-2c5c673414d3","9356","0"
"2025-04-21T05:48:29Z","2025-04-21T08:48:29Z","T1053.005","5","Task Scheduler via VBA","sysmon-loggen","System.Object[]","sysmon-loggen\vboxuser","ecd3fa21-7792-41a2-8726-2c5c673414d3","10984","0"
"2025-04-21T05:49:08Z","2025-04-21T08:49:08Z","T1053.005","5","Task Scheduler via VBA","sysmon-loggen","System.Object[]","sysmon-loggen\vboxuser","ecd3fa21-7792-41a2-8726-2c5c673414d3","7220","0"
"2025-04-21T05:49:48Z","2025-04-21T08:49:48Z","T1053.005","5","Task Scheduler via VBA","sysmon-loggen","System.Object[]","sysmon-loggen\vboxuser","ecd3fa21-7792-41a2-8726-2c5c673414d3","10296","0"
"2025-04-21T05:50:24Z","2025-04-21T08:50:24Z","T1053.005","5","Task Scheduler via VBA","sysmon-loggen","System.Object[]","sysmon-loggen\vboxuser","ecd3fa21-7792-41a2-8726-2c5c673414d3","16584","0"
"2025-04-21T05:51:08Z","2025-04-21T08:51:08Z","T1053.005","5","Task Scheduler via VBA","sysmon-loggen","System.Object[]","sysmon-loggen\vboxuser","ecd3fa21-7792-41a2-8726-2c5c673414d3","13204","0"
"2025-04-21T05:51:41Z","2025-04-21T08:51:41Z","T1053.005","5","Task Scheduler via VBA","sysmon-loggen","System.Object[]","sysmon-loggen\vboxuser","ecd3fa21-7792-41a2-8726-2c5c673414d3","13872","0"
"2025-04-21T05:52:16Z","2025-04-21T08:52:16Z","T1053.005","5","Task Scheduler via VBA","sysmon-loggen","System.Object[]","sysmon-loggen\vboxuser","ecd3fa21-7792-41a2-8726-2c5c673414d3","3268","0"
"2025-04-21T05:52:52Z","2025-04-21T08:52:52Z","T1053.005","5","Task Scheduler via VBA","sysmon-loggen","System.Object[]","sysmon-loggen\vboxuser","ecd3fa21-7792-41a2-8726-2c5c673414d3","12736","0"
"2025-04-21T05:53:27Z","2025-04-21T08:53:27Z","T1053.005","5","Task Scheduler via VBA","sysmon-loggen","System.Object[]","sysmon-loggen\vboxuser","ecd3fa21-7792-41a2-8726-2c5c673414d3","10996","0"
"2025-04-21T05:54:02Z","2025-04-21T08:54:02Z","T1053.005","5","Task Scheduler via VBA","sysmon-loggen","System.Object[]","sysmon-loggen\vboxuser","ecd3fa21-7792-41a2-8726-2c5c673414d3","15980","0"
"2025-04-21T05:54:32Z","2025-04-21T08:54:32Z","T1053.005","5","Task Scheduler via VBA","sysmon-loggen","System.Object[]","sysmon-loggen\vboxuser","ecd3fa21-7792-41a2-8726-2c5c673414d3","14164","0"
"2025-04-21T05:55:09Z","2025-04-21T08:55:09Z","T1053.005","5","Task Scheduler via VBA","sysmon-loggen","System.Object[]","sysmon-loggen\vboxuser","ecd3fa21-7792-41a2-8726-2c5c673414d3","868","0"
"2025-04-21T05:55:46Z","2025-04-21T08:55:46Z","T1053.005","5","Task Scheduler via VBA","sysmon-loggen","System.Object[]","sysmon-loggen\vboxuser","ecd3fa21-7792-41a2-8726-2c5c673414d3","2552","0"
"2025-04-21T05:56:17Z","2025-04-21T08:56:17Z","T1053.005","5","Task Scheduler via VBA","sysmon-loggen","System.Object[]","sysmon-loggen\vboxuser","ecd3fa21-7792-41a2-8726-2c5c673414d3","13704","0"
"2025-04-21T05:56:44Z","2025-04-21T08:56:44Z","T1053.005","5","Task Scheduler via VBA","sysmon-loggen","System.Object[]","sysmon-loggen\vboxuser","ecd3fa21-7792-41a2-8726-2c5c673414d3","17156","0"
"2025-04-21T05:57:23Z","2025-04-21T08:57:23Z","T1053.005","5","Task Scheduler via VBA","sysmon-loggen","System.Object[]","sysmon-loggen\vboxuser","ecd3fa21-7792-41a2-8726-2c5c673414d3","2408","0"
"2025-04-21T05:58:00Z","2025-04-21T08:58:00Z","T1053.005","5","Task Scheduler via VBA","sysmon-loggen","System.Object[]","sysmon-loggen\vboxuser","ecd3fa21-7792-41a2-8726-2c5c673414d3","16308","0"
"2025-04-21T05:58:46Z","2025-04-21T08:58:46Z","T1053.005","5","Task Scheduler via VBA","sysmon-loggen","System.Object[]","sysmon-loggen\vboxuser","ecd3fa21-7792-41a2-8726-2c5c673414d3","13616","0"
"2025-04-21T05:59:18Z","2025-04-21T08:59:18Z","T1053.005","5","Task Scheduler via VBA","sysmon-loggen","System.Object[]","sysmon-loggen\vboxuser","ecd3fa21-7792-41a2-8726-2c5c673414d3","10324","0"
"2025-04-21T05:59:59Z","2025-04-21T08:59:59Z","T1053.005","5","Task Scheduler via VBA","sysmon-loggen","System.Object[]","sysmon-loggen\vboxuser","ecd3fa21-7792-41a2-8726-2c5c673414d3","10400","0"
"2025-04-21T06:00:34Z","2025-04-21T09:00:34Z","T1053.005","5","Task Scheduler via VBA","sysmon-loggen","System.Object[]","sysmon-loggen\vboxuser","ecd3fa21-7792-41a2-8726-2c5c673414d3","14596","0"
"2025-04-21T06:01:01Z","2025-04-21T09:01:01Z","T1053.005","5","Task Scheduler via VBA","sysmon-loggen","System.Object[]","sysmon-loggen\vboxuser","ecd3fa21-7792-41a2-8726-2c5c673414d3","17120","0"
"2025-04-21T06:01:32Z","2025-04-21T09:01:32Z","T1053.005","5","Task Scheduler via VBA","sysmon-loggen","System.Object[]","sysmon-loggen\vboxuser","ecd3fa21-7792-41a2-8726-2c5c673414d3","1356","0"
"2025-04-21T06:02:01Z","2025-04-21T09:02:01Z","T1053.005","5","Task Scheduler via VBA","sysmon-loggen","System.Object[]","sysmon-loggen\vboxuser","ecd3fa21-7792-41a2-8726-2c5c673414d3","4152","0"
"2025-04-21T06:02:45Z","2025-04-21T09:02:45Z","T1053.005","5","Task Scheduler via VBA","sysmon-loggen","System.Object[]","sysmon-loggen\vboxuser","ecd3fa21-7792-41a2-8726-2c5c673414d3","16568","0"
"2025-04-21T06:03:11Z","2025-04-21T09:03:11Z","T1053.005","5","Task Scheduler via VBA","sysmon-loggen","System.Object[]","sysmon-loggen\vboxuser","ecd3fa21-7792-41a2-8726-2c5c673414d3","11368","0"
"2025-04-21T06:03:55Z","2025-04-21T09:03:55Z","T1053.005","5","Task Scheduler via VBA","sysmon-loggen","System.Object[]","sysmon-loggen\vboxuser","ecd3fa21-7792-41a2-8726-2c5c673414d3","8740","0"
"2025-04-21T06:04:22Z","2025-04-21T09:04:22Z","T1053.005","5","Task Scheduler via VBA","sysmon-loggen","System.Object[]","sysmon-loggen\vboxuser","ecd3fa21-7792-41a2-8726-2c5c673414d3","15120","0"
"2025-04-21T06:05:04Z","2025-04-21T09:05:04Z","T1053.005","5","Task Scheduler via VBA","sysmon-loggen","System.Object[]","sysmon-loggen\vboxuser","ecd3fa21-7792-41a2-8726-2c5c673414d3","12828","0"
"2025-04-21T06:05:51Z","2025-04-21T09:05:51Z","T1053.005","5","Task Scheduler via VBA","sysmon-loggen","System.Object[]","sysmon-loggen\vboxuser","ecd3fa21-7792-41a2-8726-2c5c673414d3","17072","0"
"2025-04-21T06:06:26Z","2025-04-21T09:06:26Z","T1053.005","5","Task Scheduler via VBA","sysmon-loggen","System.Object[]","sysmon-loggen\vboxuser","ecd3fa21-7792-41a2-8726-2c5c673414d3","15664","0"
"2025-04-21T06:06:59Z","2025-04-21T09:06:59Z","T1053.005","5","Task Scheduler via VBA","sysmon-loggen","System.Object[]","sysmon-loggen\vboxuser","ecd3fa21-7792-41a2-8726-2c5c673414d3","12504","0"
"2025-04-21T06:07:35Z","2025-04-21T09:07:35Z","T1053.005","5","Task Scheduler via VBA","sysmon-loggen","System.Object[]","sysmon-loggen\vboxuser","ecd3fa21-7792-41a2-8726-2c5c673414d3","13572","0"
"2025-04-21T06:08:13Z","2025-04-21T09:08:13Z","T1053.005","5","Task Scheduler via VBA","sysmon-loggen","System.Object[]","sysmon-loggen\vboxuser","ecd3fa21-7792-41a2-8726-2c5c673414d3","16108","0"
"2025-04-21T06:08:50Z","2025-04-21T09:08:50Z","T1053.005","5","Task Scheduler via VBA","sysmon-loggen","System.Object[]","sysmon-loggen\vboxuser","ecd3fa21-7792-41a2-8726-2c5c673414d3","3292","0"
"2025-04-21T06:09:30Z","2025-04-21T09:09:30Z","T1053.005","5","Task Scheduler via VBA","sysmon-loggen","System.Object[]","sysmon-loggen\vboxuser","ecd3fa21-7792-41a2-8726-2c5c673414d3","1128","0"
"2025-04-21T06:10:06Z","2025-04-21T09:10:06Z","T1053.005","5","Task Scheduler via VBA","sysmon-loggen","System.Object[]","sysmon-loggen\vboxuser","ecd3fa21-7792-41a2-8726-2c5c673414d3","10316","0"
"2025-04-21T06:10:36Z","2025-04-21T09:10:36Z","T1053.005","5","Task Scheduler via VBA","sysmon-loggen","System.Object[]","sysmon-loggen\vboxuser","ecd3fa21-7792-41a2-8726-2c5c673414d3","11440","0"
"2025-04-21T06:11:09Z","2025-04-21T09:11:09Z","T1053.005","5","Task Scheduler via VBA","sysmon-loggen","System.Object[]","sysmon-loggen\vboxuser","ecd3fa21-7792-41a2-8726-2c5c673414d3","15056","0"
"2025-04-21T06:11:36Z","2025-04-21T09:11:36Z","T1053.005","5","Task Scheduler via VBA","sysmon-loggen","System.Object[]","sysmon-loggen\vboxuser","ecd3fa21-7792-41a2-8726-2c5c673414d3","764","0"
"2025-04-21T06:12:10Z","2025-04-21T09:12:10Z","T1053.005","5","Task Scheduler via VBA","sysmon-loggen","System.Object[]","sysmon-loggen\vboxuser","ecd3fa21-7792-41a2-8726-2c5c673414d3","10024","0"
"2025-04-21T06:12:47Z","2025-04-21T09:12:47Z","T1053.005","5","Task Scheduler via VBA","sysmon-loggen","System.Object[]","sysmon-loggen\vboxuser","ecd3fa21-7792-41a2-8726-2c5c673414d3","16888","0"
"2025-04-21T06:13:18Z","2025-04-21T09:13:18Z","T1053.005","5","Task Scheduler via VBA","sysmon-loggen","System.Object[]","sysmon-loggen\vboxuser","ecd3fa21-7792-41a2-8726-2c5c673414d3","14064","0"
"2025-04-21T06:13:56Z","2025-04-21T09:13:56Z","T1053.005","5","Task Scheduler via VBA","sysmon-loggen","System.Object[]","sysmon-loggen\vboxuser","ecd3fa21-7792-41a2-8726-2c5c673414d3","16944","0"
"2025-04-21T06:14:34Z","2025-04-21T09:14:34Z","T1053.005","5","Task Scheduler via VBA","sysmon-loggen","System.Object[]","sysmon-loggen\vboxuser","ecd3fa21-7792-41a2-8726-2c5c673414d3","2336","0"
"2025-04-21T06:15:06Z","2025-04-21T09:15:06Z","T1053.005","5","Task Scheduler via VBA","sysmon-loggen","System.Object[]","sysmon-loggen\vboxuser","ecd3fa21-7792-41a2-8726-2c5c673414d3","15076","0"
"2025-04-21T06:15:41Z","2025-04-21T09:15:41Z","T1053.005","5","Task Scheduler via VBA","sysmon-loggen","System.Object[]","sysmon-loggen\vboxuser","ecd3fa21-7792-41a2-8726-2c5c673414d3","3264","0"
"2025-04-21T06:16:23Z","2025-04-21T09:16:23Z","T1053.005","5","Task Scheduler via VBA","sysmon-loggen","System.Object[]","sysmon-loggen\vboxuser","ecd3fa21-7792-41a2-8726-2c5c673414d3","14244","0"
"2025-04-21T06:16:52Z","2025-04-21T09:16:52Z","T1053.005","5","Task Scheduler via VBA","sysmon-loggen","System.Object[]","sysmon-loggen\vboxuser","ecd3fa21-7792-41a2-8726-2c5c673414d3","10764","0"
"2025-04-21T06:17:23Z","2025-04-21T09:17:23Z","T1053.005","5","Task Scheduler via VBA","sysmon-loggen","System.Object[]","sysmon-loggen\vboxuser","ecd3fa21-7792-41a2-8726-2c5c673414d3","2096","0"
"2025-04-21T06:17:54Z","2025-04-21T09:17:54Z","T1053.005","5","Task Scheduler via VBA","sysmon-loggen","System.Object[]","sysmon-loggen\vboxuser","ecd3fa21-7792-41a2-8726-2c5c673414d3","17104","0"
"2025-04-21T06:18:34Z","2025-04-21T09:18:34Z","T1053.005","5","Task Scheduler via VBA","sysmon-loggen","System.Object[]","sysmon-loggen\vboxuser","ecd3fa21-7792-41a2-8726-2c5c673414d3","6168","0"
"2025-04-21T06:19:07Z","2025-04-21T09:19:07Z","T1053.005","5","Task Scheduler via VBA","sysmon-loggen","System.Object[]","sysmon-loggen\vboxuser","ecd3fa21-7792-41a2-8726-2c5c673414d3","11452","0"
"2025-04-21T06:19:42Z","2025-04-21T09:19:42Z","T1053.005","5","Task Scheduler via VBA","sysmon-loggen","System.Object[]","sysmon-loggen\vboxuser","ecd3fa21-7792-41a2-8726-2c5c673414d3","16960","0"
"2025-04-21T06:20:21Z","2025-04-21T09:20:21Z","T1053.005","5","Task Scheduler via VBA","sysmon-loggen","System.Object[]","sysmon-loggen\vboxuser","ecd3fa21-7792-41a2-8726-2c5c673414d3","7632","0"
"2025-04-21T06:21:01Z","2025-04-21T09:21:01Z","T1053.005","5","Task Scheduler via VBA","sysmon-loggen","System.Object[]","sysmon-loggen\vboxuser","ecd3fa21-7792-41a2-8726-2c5c673414d3","10656","0"
"2025-04-21T06:21:31Z","2025-04-21T09:21:31Z","T1053.005","5","Task Scheduler via VBA","sysmon-loggen","System.Object[]","sysmon-loggen\vboxuser","ecd3fa21-7792-41a2-8726-2c5c673414d3","7972","0"
"2025-04-21T06:22:07Z","2025-04-21T09:22:07Z","T1053.005","5","Task Scheduler via VBA","sysmon-loggen","System.Object[]","sysmon-loggen\vboxuser","ecd3fa21-7792-41a2-8726-2c5c673414d3","1344","0"
"2025-04-21T06:22:40Z","2025-04-21T09:22:40Z","T1053.005","5","Task Scheduler via VBA","sysmon-loggen","System.Object[]","sysmon-loggen\vboxuser","ecd3fa21-7792-41a2-8726-2c5c673414d3","4216","0"
"2025-04-21T06:23:11Z","2025-04-21T09:23:11Z","T1053.005","5","Task Scheduler via VBA","sysmon-loggen","System.Object[]","sysmon-loggen\vboxuser","ecd3fa21-7792-41a2-8726-2c5c673414d3","16372","0"
"2025-04-21T06:23:46Z","2025-04-21T09:23:46Z","T1053.005","5","Task Scheduler via VBA","sysmon-loggen","System.Object[]","sysmon-loggen\vboxuser","ecd3fa21-7792-41a2-8726-2c5c673414d3","17140","0"
"2025-04-21T06:24:12Z","2025-04-21T09:24:12Z","T1053.005","5","Task Scheduler via VBA","sysmon-loggen","System.Object[]","sysmon-loggen\vboxuser","ecd3fa21-7792-41a2-8726-2c5c673414d3","15288","0"
"2025-04-21T06:24:43Z","2025-04-21T09:24:43Z","T1053.005","5","Task Scheduler via VBA","sysmon-loggen","System.Object[]","sysmon-loggen\vboxuser","ecd3fa21-7792-41a2-8726-2c5c673414d3","4076","0"
"2025-04-21T06:25:19Z","2025-04-21T09:25:19Z","T1053.005","5","Task Scheduler via VBA","sysmon-loggen","System.Object[]","sysmon-loggen\vboxuser","ecd3fa21-7792-41a2-8726-2c5c673414d3","10204","0"
"2025-04-21T06:25:50Z","2025-04-21T09:25:50Z","T1053.005","5","Task Scheduler via VBA","sysmon-loggen","System.Object[]","sysmon-loggen\vboxuser","ecd3fa21-7792-41a2-8726-2c5c673414d3","2600","0"
"2025-04-21T06:26:34Z","2025-04-21T09:26:34Z","T1053.005","5","Task Scheduler via VBA","sysmon-loggen","System.Object[]","sysmon-loggen\vboxuser","ecd3fa21-7792-41a2-8726-2c5c673414d3","11160","0"
"2025-04-21T06:27:01Z","2025-04-21T09:27:01Z","T1053.005","5","Task Scheduler via VBA","sysmon-loggen","System.Object[]","sysmon-loggen\vboxuser","ecd3fa21-7792-41a2-8726-2c5c673414d3","12644","0"
"2025-04-21T06:27:28Z","2025-04-21T09:27:28Z","T1053.005","5","Task Scheduler via VBA","sysmon-loggen","System.Object[]","sysmon-loggen\vboxuser","ecd3fa21-7792-41a2-8726-2c5c673414d3","2748","0"
"2025-04-21T06:28:03Z","2025-04-21T09:28:03Z","T1053.005","5","Task Scheduler via VBA","sysmon-loggen","System.Object[]","sysmon-loggen\vboxuser","ecd3fa21-7792-41a2-8726-2c5c673414d3","14844","0"
"2025-04-21T06:28:36Z","2025-04-21T09:28:36Z","T1053.005","5","Task Scheduler via VBA","sysmon-loggen","System.Object[]","sysmon-loggen\vboxuser","ecd3fa21-7792-41a2-8726-2c5c673414d3","13856","0"
"2025-04-21T06:29:03Z","2025-04-21T09:29:03Z","T1053.005","5","Task Scheduler via VBA","sysmon-loggen","System.Object[]","sysmon-loggen\vboxuser","ecd3fa21-7792-41a2-8726-2c5c673414d3","10524","0"
"2025-04-21T06:29:45Z","2025-04-21T09:29:45Z","T1053.005","5","Task Scheduler via VBA","sysmon-loggen","System.Object[]","sysmon-loggen\vboxuser","ecd3fa21-7792-41a2-8726-2c5c673414d3","16480","0"
"2025-04-21T06:30:13Z","2025-04-21T09:30:13Z","T1053.005","5","Task Scheduler via VBA","sysmon-loggen","System.Object[]","sysmon-loggen\vboxuser","ecd3fa21-7792-41a2-8726-2c5c673414d3","16608","0"
"2025-04-21T06:30:44Z","2025-04-21T09:30:44Z","T1053.005","5","Task Scheduler via VBA","sysmon-loggen","System.Object[]","sysmon-loggen\vboxuser","ecd3fa21-7792-41a2-8726-2c5c673414d3","13832","0"
"2025-04-21T06:31:15Z","2025-04-21T09:31:15Z","T1053.005","5","Task Scheduler via VBA","sysmon-loggen","System.Object[]","sysmon-loggen\vboxuser","ecd3fa21-7792-41a2-8726-2c5c673414d3","10112","0"
"2025-04-21T06:31:53Z","2025-04-21T09:31:53Z","T1053.005","5","Task Scheduler via VBA","sysmon-loggen","System.Object[]","sysmon-loggen\vboxuser","ecd3fa21-7792-41a2-8726-2c5c673414d3","10096","0"
"2025-04-21T06:32:33Z","2025-04-21T09:32:33Z","T1053.005","5","Task Scheduler via VBA","sysmon-loggen","System.Object[]","sysmon-loggen\vboxuser","ecd3fa21-7792-41a2-8726-2c5c673414d3","15704","0"
"2025-04-21T06:33:14Z","2025-04-21T09:33:14Z","T1053.005","5","Task Scheduler via VBA","sysmon-loggen","System.Object[]","sysmon-loggen\vboxuser","ecd3fa21-7792-41a2-8726-2c5c673414d3","8248","0"
"2025-04-21T06:33:47Z","2025-04-21T09:33:47Z","T1053.005","5","Task Scheduler via VBA","sysmon-loggen","System.Object[]","sysmon-loggen\vboxuser","ecd3fa21-7792-41a2-8726-2c5c673414d3","17180","0"
"2025-04-21T06:34:21Z","2025-04-21T09:34:21Z","T1053.005","5","Task Scheduler via VBA","sysmon-loggen","System.Object[]","sysmon-loggen\vboxuser","ecd3fa21-7792-41a2-8726-2c5c673414d3","13508","0"
"2025-04-21T06:34:57Z","2025-04-21T09:34:57Z","T1053.005","5","Task Scheduler via VBA","sysmon-loggen","System.Object[]","sysmon-loggen\vboxuser","ecd3fa21-7792-41a2-8726-2c5c673414d3","17292","0"
"2025-04-21T06:35:41Z","2025-04-21T09:35:41Z","T1053.005","5","Task Scheduler via VBA","sysmon-loggen","System.Object[]","sysmon-loggen\vboxuser","ecd3fa21-7792-41a2-8726-2c5c673414d3","6624","0"
"2025-04-21T06:36:18Z","2025-04-21T09:36:18Z","T1053.005","5","Task Scheduler via VBA","sysmon-loggen","System.Object[]","sysmon-loggen\vboxuser","ecd3fa21-7792-41a2-8726-2c5c673414d3","3728","0"
"2025-04-21T06:36:44Z","2025-04-21T09:36:44Z","T1053.005","5","Task Scheduler via VBA","sysmon-loggen","System.Object[]","sysmon-loggen\vboxuser","ecd3fa21-7792-41a2-8726-2c5c673414d3","2952","0"
"2025-04-21T06:37:15Z","2025-04-21T09:37:15Z","T1053.005","5","Task Scheduler via VBA","sysmon-loggen","System.Object[]","sysmon-loggen\vboxuser","ecd3fa21-7792-41a2-8726-2c5c673414d3","17252","0"
"2025-04-21T06:38:01Z","2025-04-21T09:38:01Z","T1053.005","5","Task Scheduler via VBA","sysmon-loggen","System.Object[]","sysmon-loggen\vboxuser","ecd3fa21-7792-41a2-8726-2c5c673414d3","14064","0"
"2025-04-21T06:38:34Z","2025-04-21T09:38:34Z","T1053.005","5","Task Scheduler via VBA","sysmon-loggen","System.Object[]","sysmon-loggen\vboxuser","ecd3fa21-7792-41a2-8726-2c5c673414d3","14052","0"
"2025-04-21T06:39:08Z","2025-04-21T09:39:08Z","T1053.005","5","Task Scheduler via VBA","sysmon-loggen","System.Object[]","sysmon-loggen\vboxuser","ecd3fa21-7792-41a2-8726-2c5c673414d3","7328","0"
"2025-04-21T06:39:48Z","2025-04-21T09:39:48Z","T1053.005","5","Task Scheduler via VBA","sysmon-loggen","System.Object[]","sysmon-loggen\vboxuser","ecd3fa21-7792-41a2-8726-2c5c673414d3","12156","0"
"2025-04-21T06:40:22Z","2025-04-21T09:40:22Z","T1053.005","5","Task Scheduler via VBA","sysmon-loggen","System.Object[]","sysmon-loggen\vboxuser","ecd3fa21-7792-41a2-8726-2c5c673414d3","16288","0"
"2025-04-21T06:40:52Z","2025-04-21T09:40:52Z","T1053.005","5","Task Scheduler via VBA","sysmon-loggen","System.Object[]","sysmon-loggen\vboxuser","ecd3fa21-7792-41a2-8726-2c5c673414d3","12900","0"
"2025-04-21T06:41:32Z","2025-04-21T09:41:32Z","T1053.005","5","Task Scheduler via VBA","sysmon-loggen","System.Object[]","sysmon-loggen\vboxuser","ecd3fa21-7792-41a2-8726-2c5c673414d3","14592","0"
"2025-04-21T06:42:07Z","2025-04-21T09:42:07Z","T1053.005","5","Task Scheduler via VBA","sysmon-loggen","System.Object[]","sysmon-loggen\vboxuser","ecd3fa21-7792-41a2-8726-2c5c673414d3","8504","0"
"2025-04-21T06:42:52Z","2025-04-21T09:42:52Z","T1053.005","5","Task Scheduler via VBA","sysmon-loggen","System.Object[]","sysmon-loggen\vboxuser","ecd3fa21-7792-41a2-8726-2c5c673414d3","4448","0"
"2025-04-21T06:43:27Z","2025-04-21T09:43:27Z","T1053.005","5","Task Scheduler via VBA","sysmon-loggen","System.Object[]","sysmon-loggen\vboxuser","ecd3fa21-7792-41a2-8726-2c5c673414d3","14820","0"
"2025-04-21T06:44:07Z","2025-04-21T09:44:07Z","T1053.005","5","Task Scheduler via VBA","sysmon-loggen","System.Object[]","sysmon-loggen\vboxuser","ecd3fa21-7792-41a2-8726-2c5c673414d3","17284","0"
"2025-04-21T06:44:51Z","2025-04-21T09:44:51Z","T1053.005","5","Task Scheduler via VBA","sysmon-loggen","System.Object[]","sysmon-loggen\vboxuser","ecd3fa21-7792-41a2-8726-2c5c673414d3","13208","0"
"2025-04-21T06:45:36Z","2025-04-21T09:45:36Z","T1053.005","5","Task Scheduler via VBA","sysmon-loggen","System.Object[]","sysmon-loggen\vboxuser","ecd3fa21-7792-41a2-8726-2c5c673414d3","3252","0"
"2025-04-21T06:46:04Z","2025-04-21T09:46:04Z","T1053.005","5","Task Scheduler via VBA","sysmon-loggen","System.Object[]","sysmon-loggen\vboxuser","ecd3fa21-7792-41a2-8726-2c5c673414d3","14512","0"
"2025-04-21T06:46:38Z","2025-04-21T09:46:38Z","T1053.005","5","Task Scheduler via VBA","sysmon-loggen","System.Object[]","sysmon-loggen\vboxuser","ecd3fa21-7792-41a2-8726-2c5c673414d3","14124","0"
"2025-04-21T06:47:16Z","2025-04-21T09:47:16Z","T1053.005","5","Task Scheduler via VBA","sysmon-loggen","System.Object[]","sysmon-loggen\vboxuser","ecd3fa21-7792-41a2-8726-2c5c673414d3","12388","0"
"2025-04-21T06:47:46Z","2025-04-21T09:47:46Z","T1053.005","5","Task Scheduler via VBA","sysmon-loggen","System.Object[]","sysmon-loggen\vboxuser","ecd3fa21-7792-41a2-8726-2c5c673414d3","17212","0"
"2025-04-21T06:48:25Z","2025-04-21T09:48:25Z","T1053.005","5","Task Scheduler via VBA","sysmon-loggen","System.Object[]","sysmon-loggen\vboxuser","ecd3fa21-7792-41a2-8726-2c5c673414d3","16084","0"
"2025-04-21T06:48:52Z","2025-04-21T09:48:52Z","T1053.005","5","Task Scheduler via VBA","sysmon-loggen","System.Object[]","sysmon-loggen\vboxuser","ecd3fa21-7792-41a2-8726-2c5c673414d3","16376","0"
"2025-04-21T06:49:24Z","2025-04-21T09:49:24Z","T1053.005","5","Task Scheduler via VBA","sysmon-loggen","System.Object[]","sysmon-loggen\vboxuser","ecd3fa21-7792-41a2-8726-2c5c673414d3","16972","0"
"2025-04-21T06:49:55Z","2025-04-21T09:49:55Z","T1053.005","5","Task Scheduler via VBA","sysmon-loggen","System.Object[]","sysmon-loggen\vboxuser","ecd3fa21-7792-41a2-8726-2c5c673414d3","6944","0"
"2025-04-21T06:50:33Z","2025-04-21T09:50:33Z","T1053.005","5","Task Scheduler via VBA","sysmon-loggen","System.Object[]","sysmon-loggen\vboxuser","ecd3fa21-7792-41a2-8726-2c5c673414d3","4188","0"
"2025-04-21T06:51:13Z","2025-04-21T09:51:13Z","T1053.005","5","Task Scheduler via VBA","sysmon-loggen","System.Object[]","sysmon-loggen\vboxuser","ecd3fa21-7792-41a2-8726-2c5c673414d3","2188","0"
"2025-04-21T06:51:45Z","2025-04-21T09:51:45Z","T1053.005","5","Task Scheduler via VBA","sysmon-loggen","System.Object[]","sysmon-loggen\vboxuser","ecd3fa21-7792-41a2-8726-2c5c673414d3","13508","0"
"2025-04-21T06:52:26Z","2025-04-21T09:52:26Z","T1053.005","5","Task Scheduler via VBA","sysmon-loggen","System.Object[]","sysmon-loggen\vboxuser","ecd3fa21-7792-41a2-8726-2c5c673414d3","13352","0"
"2025-04-21T06:53:04Z","2025-04-21T09:53:04Z","T1053.005","5","Task Scheduler via VBA","sysmon-loggen","System.Object[]","sysmon-loggen\vboxuser","ecd3fa21-7792-41a2-8726-2c5c673414d3","16032","0"
"2025-04-21T06:53:43Z","2025-04-21T09:53:43Z","T1053.005","5","Task Scheduler via VBA","sysmon-loggen","System.Object[]","sysmon-loggen\vboxuser","ecd3fa21-7792-41a2-8726-2c5c673414d3","15500","0"
"2025-04-21T06:54:11Z","2025-04-21T09:54:11Z","T1053.005","5","Task Scheduler via VBA","sysmon-loggen","System.Object[]","sysmon-loggen\vboxuser","ecd3fa21-7792-41a2-8726-2c5c673414d3","15004","0"
"2025-04-21T06:54:51Z","2025-04-21T09:54:51Z","T1053.005","5","Task Scheduler via VBA","sysmon-loggen","System.Object[]","sysmon-loggen\vboxuser","ecd3fa21-7792-41a2-8726-2c5c673414d3","8580","0"
"2025-04-21T06:55:19Z","2025-04-21T09:55:19Z","T1053.005","5","Task Scheduler via VBA","sysmon-loggen","System.Object[]","sysmon-loggen\vboxuser","ecd3fa21-7792-41a2-8726-2c5c673414d3","5456","0"
"2025-04-21T06:56:00Z","2025-04-21T09:56:00Z","T1053.005","5","Task Scheduler via VBA","sysmon-loggen","System.Object[]","sysmon-loggen\vboxuser","ecd3fa21-7792-41a2-8726-2c5c673414d3","472","0"
"2025-04-21T06:56:41Z","2025-04-21T09:56:41Z","T1053.005","5","Task Scheduler via VBA","sysmon-loggen","System.Object[]","sysmon-loggen\vboxuser","ecd3fa21-7792-41a2-8726-2c5c673414d3","2904","0"
"2025-04-21T06:57:16Z","2025-04-21T09:57:16Z","T1053.005","5","Task Scheduler via VBA","sysmon-loggen","System.Object[]","sysmon-loggen\vboxuser","ecd3fa21-7792-41a2-8726-2c5c673414d3","13564","0"
"2025-04-21T06:57:50Z","2025-04-21T09:57:50Z","T1053.005","5","Task Scheduler via VBA","sysmon-loggen","System.Object[]","sysmon-loggen\vboxuser","ecd3fa21-7792-41a2-8726-2c5c673414d3","8140","0"
"2025-04-21T06:58:28Z","2025-04-21T09:58:28Z","T1053.005","5","Task Scheduler via VBA","sysmon-loggen","System.Object[]","sysmon-loggen\vboxuser","ecd3fa21-7792-41a2-8726-2c5c673414d3","11404","0"
"2025-04-21T06:59:04Z","2025-04-21T09:59:04Z","T1053.005","5","Task Scheduler via VBA","sysmon-loggen","System.Object[]","sysmon-loggen\vboxuser","ecd3fa21-7792-41a2-8726-2c5c673414d3","13500","0"
"2025-04-21T06:59:32Z","2025-04-21T09:59:32Z","T1053.005","5","Task Scheduler via VBA","sysmon-loggen","System.Object[]","sysmon-loggen\vboxuser","ecd3fa21-7792-41a2-8726-2c5c673414d3","16168","0"
"2025-04-21T07:00:08Z","2025-04-21T10:00:08Z","T1053.005","5","Task Scheduler via VBA","sysmon-loggen","System.Object[]","sysmon-loggen\vboxuser","ecd3fa21-7792-41a2-8726-2c5c673414d3","4064","0"
"2025-04-21T07:00:43Z","2025-04-21T10:00:43Z","T1053.005","5","Task Scheduler via VBA","sysmon-loggen","System.Object[]","sysmon-loggen\vboxuser","ecd3fa21-7792-41a2-8726-2c5c673414d3","5064","0"
"2025-04-21T07:01:23Z","2025-04-21T10:01:23Z","T1053.005","5","Task Scheduler via VBA","sysmon-loggen","System.Object[]","sysmon-loggen\vboxuser","ecd3fa21-7792-41a2-8726-2c5c673414d3","8816","0"
"2025-04-21T07:02:07Z","2025-04-21T10:02:07Z","T1053.005","5","Task Scheduler via VBA","sysmon-loggen","System.Object[]","sysmon-loggen\vboxuser","ecd3fa21-7792-41a2-8726-2c5c673414d3","13444","0"
"2025-04-21T07:02:38Z","2025-04-21T10:02:38Z","T1053.005","5","Task Scheduler via VBA","sysmon-loggen","System.Object[]","sysmon-loggen\vboxuser","ecd3fa21-7792-41a2-8726-2c5c673414d3","5456","0"
"2025-04-21T07:03:17Z","2025-04-21T10:03:17Z","T1053.005","5","Task Scheduler via VBA","sysmon-loggen","System.Object[]","sysmon-loggen\vboxuser","ecd3fa21-7792-41a2-8726-2c5c673414d3","13436","0"
"2025-04-21T07:03:46Z","2025-04-21T10:03:46Z","T1053.005","5","Task Scheduler via VBA","sysmon-loggen","System.Object[]","sysmon-loggen\vboxuser","ecd3fa21-7792-41a2-8726-2c5c673414d3","15672","0"
"2025-04-21T07:04:20Z","2025-04-21T10:04:20Z","T1053.005","5","Task Scheduler via VBA","sysmon-loggen","System.Object[]","sysmon-loggen\vboxuser","ecd3fa21-7792-41a2-8726-2c5c673414d3","4448","0"
"2025-04-21T07:05:02Z","2025-04-21T10:05:02Z","T1053.005","5","Task Scheduler via VBA","sysmon-loggen","System.Object[]","sysmon-loggen\vboxuser","ecd3fa21-7792-41a2-8726-2c5c673414d3","14496","0"
"2025-04-21T07:05:25Z","2025-04-21T10:05:25Z","T1053.005","5","Task Scheduler via VBA","sysmon-loggen","System.Object[]","sysmon-loggen\vboxuser","ecd3fa21-7792-41a2-8726-2c5c673414d3","12780","0"
"2025-04-21T07:06:02Z","2025-04-21T10:06:02Z","T1053.005","5","Task Scheduler via VBA","sysmon-loggen","System.Object[]","sysmon-loggen\vboxuser","ecd3fa21-7792-41a2-8726-2c5c673414d3","6128","0"
"2025-04-21T07:06:45Z","2025-04-21T10:06:45Z","T1053.005","5","Task Scheduler via VBA","sysmon-loggen","System.Object[]","sysmon-loggen\vboxuser","ecd3fa21-7792-41a2-8726-2c5c673414d3","11312","0"
"2025-04-21T07:07:11Z","2025-04-21T10:07:11Z","T1053.005","5","Task Scheduler via VBA","sysmon-loggen","System.Object[]","sysmon-loggen\vboxuser","ecd3fa21-7792-41a2-8726-2c5c673414d3","604","0"
"2025-04-21T07:07:43Z","2025-04-21T10:07:43Z","T1053.005","5","Task Scheduler via VBA","sysmon-loggen","System.Object[]","sysmon-loggen\vboxuser","ecd3fa21-7792-41a2-8726-2c5c673414d3","3304","0"
"2025-04-21T07:08:20Z","2025-04-21T10:08:20Z","T1053.005","5","Task Scheduler via VBA","sysmon-loggen","System.Object[]","sysmon-loggen\vboxuser","ecd3fa21-7792-41a2-8726-2c5c673414d3","15344","0"
"2025-04-21T07:08:57Z","2025-04-21T10:08:57Z","T1053.005","5","Task Scheduler via VBA","sysmon-loggen","System.Object[]","sysmon-loggen\vboxuser","ecd3fa21-7792-41a2-8726-2c5c673414d3","2212","0"
"2025-04-21T07:09:31Z","2025-04-21T10:09:31Z","T1053.005","5","Task Scheduler via VBA","sysmon-loggen","System.Object[]","sysmon-loggen\vboxuser","ecd3fa21-7792-41a2-8726-2c5c673414d3","1968","0"
"2025-04-21T07:09:57Z","2025-04-21T10:09:57Z","T1053.005","5","Task Scheduler via VBA","sysmon-loggen","System.Object[]","sysmon-loggen\vboxuser","ecd3fa21-7792-41a2-8726-2c5c673414d3","10392","0"
"2025-04-21T07:10:36Z","2025-04-21T10:10:36Z","T1053.005","5","Task Scheduler via VBA","sysmon-loggen","System.Object[]","sysmon-loggen\vboxuser","ecd3fa21-7792-41a2-8726-2c5c673414d3","1576","0"
"2025-04-21T07:11:14Z","2025-04-21T10:11:14Z","T1053.005","5","Task Scheduler via VBA","sysmon-loggen","System.Object[]","sysmon-loggen\vboxuser","ecd3fa21-7792-41a2-8726-2c5c673414d3","3140","0"
"2025-04-21T07:11:39Z","2025-04-21T10:11:39Z","T1053.005","5","Task Scheduler via VBA","sysmon-loggen","System.Object[]","sysmon-loggen\vboxuser","ecd3fa21-7792-41a2-8726-2c5c673414d3","528","0"
"2025-04-21T07:12:28Z","2025-04-21T10:12:28Z","T1053.005","5","Task Scheduler via VBA","sysmon-loggen","System.Object[]","sysmon-loggen\vboxuser","ecd3fa21-7792-41a2-8726-2c5c673414d3","1500","0"
"2025-04-21T07:13:00Z","2025-04-21T10:13:00Z","T1053.005","5","Task Scheduler via VBA","sysmon-loggen","System.Object[]","sysmon-loggen\vboxuser","ecd3fa21-7792-41a2-8726-2c5c673414d3","10100","0"
"2025-04-21T07:13:32Z","2025-04-21T10:13:32Z","T1053.005","5","Task Scheduler via VBA","sysmon-loggen","System.Object[]","sysmon-loggen\vboxuser","ecd3fa21-7792-41a2-8726-2c5c673414d3","2700","0"
"2025-04-21T07:14:00Z","2025-04-21T10:14:00Z","T1053.005","5","Task Scheduler via VBA","sysmon-loggen","System.Object[]","sysmon-loggen\vboxuser","ecd3fa21-7792-41a2-8726-2c5c673414d3","11956","0"
"2025-04-21T07:14:41Z","2025-04-21T10:14:41Z","T1053.005","5","Task Scheduler via VBA","sysmon-loggen","System.Object[]","sysmon-loggen\vboxuser","ecd3fa21-7792-41a2-8726-2c5c673414d3","1500","0"
"2025-04-21T07:15:14Z","2025-04-21T10:15:14Z","T1053.005","5","Task Scheduler via VBA","sysmon-loggen","System.Object[]","sysmon-loggen\vboxuser","ecd3fa21-7792-41a2-8726-2c5c673414d3","16472","0"
"2025-04-21T07:15:44Z","2025-04-21T10:15:44Z","T1053.005","5","Task Scheduler via VBA","sysmon-loggen","System.Object[]","sysmon-loggen\vboxuser","ecd3fa21-7792-41a2-8726-2c5c673414d3","13964","0"
"2025-04-21T07:16:16Z","2025-04-21T10:16:16Z","T1053.005","5","Task Scheduler via VBA","sysmon-loggen","System.Object[]","sysmon-loggen\vboxuser","ecd3fa21-7792-41a2-8726-2c5c673414d3","12152","0"
"2025-04-21T07:16:46Z","2025-04-21T10:16:46Z","T1053.005","5","Task Scheduler via VBA","sysmon-loggen","System.Object[]","sysmon-loggen\vboxuser","ecd3fa21-7792-41a2-8726-2c5c673414d3","14532","0"
"2025-04-21T07:17:14Z","2025-04-21T10:17:14Z","T1053.005","5","Task Scheduler via VBA","sysmon-loggen","System.Object[]","sysmon-loggen\vboxuser","ecd3fa21-7792-41a2-8726-2c5c673414d3","15768","0"
"2025-04-21T07:17:40Z","2025-04-21T10:17:40Z","T1053.005","5","Task Scheduler via VBA","sysmon-loggen","System.Object[]","sysmon-loggen\vboxuser","ecd3fa21-7792-41a2-8726-2c5c673414d3","8528","0"
"2025-04-21T07:18:13Z","2025-04-21T10:18:13Z","T1053.005","5","Task Scheduler via VBA","sysmon-loggen","System.Object[]","sysmon-loggen\vboxuser","ecd3fa21-7792-41a2-8726-2c5c673414d3","5324","0"
"2025-04-21T07:18:46Z","2025-04-21T10:18:46Z","T1053.005","5","Task Scheduler via VBA","sysmon-loggen","System.Object[]","sysmon-loggen\vboxuser","ecd3fa21-7792-41a2-8726-2c5c673414d3","2584","0"
"2025-04-21T07:19:24Z","2025-04-21T10:19:24Z","T1053.005","5","Task Scheduler via VBA","sysmon-loggen","System.Object[]","sysmon-loggen\vboxuser","ecd3fa21-7792-41a2-8726-2c5c673414d3","11612","0"
"2025-04-21T07:19:59Z","2025-04-21T10:19:59Z","T1053.005","5","Task Scheduler via VBA","sysmon-loggen","System.Object[]","sysmon-loggen\vboxuser","ecd3fa21-7792-41a2-8726-2c5c673414d3","8620","0"
"2025-04-21T07:20:42Z","2025-04-21T10:20:42Z","T1053.005","5","Task Scheduler via VBA","sysmon-loggen","System.Object[]","sysmon-loggen\vboxuser","ecd3fa21-7792-41a2-8726-2c5c673414d3","14472","0"
"2025-04-21T07:21:24Z","2025-04-21T10:21:24Z","T1053.005","5","Task Scheduler via VBA","sysmon-loggen","System.Object[]","sysmon-loggen\vboxuser","ecd3fa21-7792-41a2-8726-2c5c673414d3","11256","0"
"2025-04-21T07:22:00Z","2025-04-21T10:22:00Z","T1053.005","5","Task Scheduler via VBA","sysmon-loggen","System.Object[]","sysmon-loggen\vboxuser","ecd3fa21-7792-41a2-8726-2c5c673414d3","6816","0"
"2025-04-21T07:22:31Z","2025-04-21T10:22:31Z","T1053.005","5","Task Scheduler via VBA","sysmon-loggen","System.Object[]","sysmon-loggen\vboxuser","ecd3fa21-7792-41a2-8726-2c5c673414d3","14464","0"
"2025-04-21T07:23:09Z","2025-04-21T10:23:09Z","T1053.005","5","Task Scheduler via VBA","sysmon-loggen","System.Object[]","sysmon-loggen\vboxuser","ecd3fa21-7792-41a2-8726-2c5c673414d3","10000","0"
"2025-04-21T07:23:44Z","2025-04-21T10:23:44Z","T1053.005","5","Task Scheduler via VBA","sysmon-loggen","System.Object[]","sysmon-loggen\vboxuser","ecd3fa21-7792-41a2-8726-2c5c673414d3","12868","0"
"2025-04-21T07:24:12Z","2025-04-21T10:24:12Z","T1053.005","5","Task Scheduler via VBA","sysmon-loggen","System.Object[]","sysmon-loggen\vboxuser","ecd3fa21-7792-41a2-8726-2c5c673414d3","3032","0"
"2025-04-21T07:24:44Z","2025-04-21T10:24:44Z","T1053.005","5","Task Scheduler via VBA","sysmon-loggen","System.Object[]","sysmon-loggen\vboxuser","ecd3fa21-7792-41a2-8726-2c5c673414d3","9376","0"
"2025-04-21T07:25:21Z","2025-04-21T10:25:21Z","T1053.005","5","Task Scheduler via VBA","sysmon-loggen","System.Object[]","sysmon-loggen\vboxuser","ecd3fa21-7792-41a2-8726-2c5c673414d3","16652","0"
"2025-04-21T07:26:04Z","2025-04-21T10:26:04Z","T1053.005","5","Task Scheduler via VBA","sysmon-loggen","System.Object[]","sysmon-loggen\vboxuser","ecd3fa21-7792-41a2-8726-2c5c673414d3","16016","0"
"2025-04-21T07:26:35Z","2025-04-21T10:26:35Z","T1053.005","5","Task Scheduler via VBA","sysmon-loggen","System.Object[]","sysmon-loggen\vboxuser","ecd3fa21-7792-41a2-8726-2c5c673414d3","13412","0"
"2025-04-21T07:27:19Z","2025-04-21T10:27:19Z","T1053.005","5","Task Scheduler via VBA","sysmon-loggen","System.Object[]","sysmon-loggen\vboxuser","ecd3fa21-7792-41a2-8726-2c5c673414d3","3056","0"
"2025-04-21T07:27:52Z","2025-04-21T10:27:52Z","T1053.005","5","Task Scheduler via VBA","sysmon-loggen","System.Object[]","sysmon-loggen\vboxuser","ecd3fa21-7792-41a2-8726-2c5c673414d3","1784","0"
"2025-04-21T07:28:20Z","2025-04-21T10:28:20Z","T1053.005","5","Task Scheduler via VBA","sysmon-loggen","System.Object[]","sysmon-loggen\vboxuser","ecd3fa21-7792-41a2-8726-2c5c673414d3","3600","0"
"2025-04-21T07:28:55Z","2025-04-21T10:28:55Z","T1053.005","5","Task Scheduler via VBA","sysmon-loggen","System.Object[]","sysmon-loggen\vboxuser","ecd3fa21-7792-41a2-8726-2c5c673414d3","15452","0"
"2025-04-21T07:29:30Z","2025-04-21T10:29:30Z","T1053.005","5","Task Scheduler via VBA","sysmon-loggen","System.Object[]","sysmon-loggen\vboxuser","ecd3fa21-7792-41a2-8726-2c5c673414d3","13412","0"
"2025-04-21T07:30:05Z","2025-04-21T10:30:05Z","T1053.005","5","Task Scheduler via VBA","sysmon-loggen","System.Object[]","sysmon-loggen\vboxuser","ecd3fa21-7792-41a2-8726-2c5c673414d3","11548","0"
"2025-04-21T07:30:40Z","2025-04-21T10:30:40Z","T1053.005","5","Task Scheduler via VBA","sysmon-loggen","System.Object[]","sysmon-loggen\vboxuser","ecd3fa21-7792-41a2-8726-2c5c673414d3","10544","0"
"2025-04-21T07:31:13Z","2025-04-21T10:31:13Z","T1053.005","5","Task Scheduler via VBA","sysmon-loggen","System.Object[]","sysmon-loggen\vboxuser","ecd3fa21-7792-41a2-8726-2c5c673414d3","5688","0"
"2025-04-21T07:31:46Z","2025-04-21T10:31:46Z","T1053.005","5","Task Scheduler via VBA","sysmon-loggen","System.Object[]","sysmon-loggen\vboxuser","ecd3fa21-7792-41a2-8726-2c5c673414d3","15448","0"
"2025-04-21T07:32:13Z","2025-04-21T10:32:13Z","T1053.005","5","Task Scheduler via VBA","sysmon-loggen","System.Object[]","sysmon-loggen\vboxuser","ecd3fa21-7792-41a2-8726-2c5c673414d3","15768","0"
"2025-04-21T07:32:44Z","2025-04-21T10:32:44Z","T1053.005","5","Task Scheduler via VBA","sysmon-loggen","System.Object[]","sysmon-loggen\vboxuser","ecd3fa21-7792-41a2-8726-2c5c673414d3","16012","0"
"2025-04-21T07:33:10Z","2025-04-21T10:33:10Z","T1053.005","5","Task Scheduler via VBA","sysmon-loggen","System.Object[]","sysmon-loggen\vboxuser","ecd3fa21-7792-41a2-8726-2c5c673414d3","5408","0"
"2025-04-21T07:33:39Z","2025-04-21T10:33:39Z","T1053.005","5","Task Scheduler via VBA","sysmon-loggen","System.Object[]","sysmon-loggen\vboxuser","ecd3fa21-7792-41a2-8726-2c5c673414d3","12596","0"
"2025-04-21T07:34:25Z","2025-04-21T10:34:25Z","T1053.005","5","Task Scheduler via VBA","sysmon-loggen","System.Object[]","sysmon-loggen\vboxuser","ecd3fa21-7792-41a2-8726-2c5c673414d3","16964","0"
"2025-04-21T07:35:03Z","2025-04-21T10:35:03Z","T1053.005","5","Task Scheduler via VBA","sysmon-loggen","System.Object[]","sysmon-loggen\vboxuser","ecd3fa21-7792-41a2-8726-2c5c673414d3","10308","0"
"2025-04-21T07:35:27Z","2025-04-21T10:35:27Z","T1053.005","5","Task Scheduler via VBA","sysmon-loggen","System.Object[]","sysmon-loggen\vboxuser","ecd3fa21-7792-41a2-8726-2c5c673414d3","10740","0"
"2025-04-21T07:36:05Z","2025-04-21T10:36:05Z","T1053.005","5","Task Scheduler via VBA","sysmon-loggen","System.Object[]","sysmon-loggen\vboxuser","ecd3fa21-7792-41a2-8726-2c5c673414d3","16636","0"
"2025-04-21T07:36:38Z","2025-04-21T10:36:38Z","T1053.005","5","Task Scheduler via VBA","sysmon-loggen","System.Object[]","sysmon-loggen\vboxuser","ecd3fa21-7792-41a2-8726-2c5c673414d3","3544","0"
"2025-04-21T07:37:10Z","2025-04-21T10:37:10Z","T1053.005","5","Task Scheduler via VBA","sysmon-loggen","System.Object[]","sysmon-loggen\vboxuser","ecd3fa21-7792-41a2-8726-2c5c673414d3","16576","0"
"2025-04-21T07:37:55Z","2025-04-21T10:37:55Z","T1053.005","5","Task Scheduler via VBA","sysmon-loggen","System.Object[]","sysmon-loggen\vboxuser","ecd3fa21-7792-41a2-8726-2c5c673414d3","12688","0"
"2025-04-21T07:38:34Z","2025-04-21T10:38:34Z","T1053.005","5","Task Scheduler via VBA","sysmon-loggen","System.Object[]","sysmon-loggen\vboxuser","ecd3fa21-7792-41a2-8726-2c5c673414d3","2192","0"
"2025-04-21T07:39:13Z","2025-04-21T10:39:13Z","T1053.005","5","Task Scheduler via VBA","sysmon-loggen","System.Object[]","sysmon-loggen\vboxuser","ecd3fa21-7792-41a2-8726-2c5c673414d3","17260","0"
"2025-04-21T07:39:42Z","2025-04-21T10:39:42Z","T1053.005","5","Task Scheduler via VBA","sysmon-loggen","System.Object[]","sysmon-loggen\vboxuser","ecd3fa21-7792-41a2-8726-2c5c673414d3","4124","0"
"2025-04-21T07:40:20Z","2025-04-21T10:40:20Z","T1053.005","5","Task Scheduler via VBA","sysmon-loggen","System.Object[]","sysmon-loggen\vboxuser","ecd3fa21-7792-41a2-8726-2c5c673414d3","11200","0"
"2025-04-21T07:40:52Z","2025-04-21T10:40:52Z","T1053.005","5","Task Scheduler via VBA","sysmon-loggen","System.Object[]","sysmon-loggen\vboxuser","ecd3fa21-7792-41a2-8726-2c5c673414d3","7372","0"
"2025-04-21T07:41:27Z","2025-04-21T10:41:27Z","T1053.005","5","Task Scheduler via VBA","sysmon-loggen","System.Object[]","sysmon-loggen\vboxuser","ecd3fa21-7792-41a2-8726-2c5c673414d3","5684","0"
"2025-04-21T07:42:00Z","2025-04-21T10:42:00Z","T1053.005","5","Task Scheduler via VBA","sysmon-loggen","System.Object[]","sysmon-loggen\vboxuser","ecd3fa21-7792-41a2-8726-2c5c673414d3","13284","0"
"2025-04-21T07:42:38Z","2025-04-21T10:42:38Z","T1053.005","5","Task Scheduler via VBA","sysmon-loggen","System.Object[]","sysmon-loggen\vboxuser","ecd3fa21-7792-41a2-8726-2c5c673414d3","16712","0"
"2025-04-21T07:43:13Z","2025-04-21T10:43:13Z","T1053.005","5","Task Scheduler via VBA","sysmon-loggen","System.Object[]","sysmon-loggen\vboxuser","ecd3fa21-7792-41a2-8726-2c5c673414d3","11112","0"
"2025-04-21T07:43:48Z","2025-04-21T10:43:48Z","T1053.005","5","Task Scheduler via VBA","sysmon-loggen","System.Object[]","sysmon-loggen\vboxuser","ecd3fa21-7792-41a2-8726-2c5c673414d3","13572","0"
"2025-04-21T07:44:18Z","2025-04-21T10:44:18Z","T1053.005","5","Task Scheduler via VBA","sysmon-loggen","System.Object[]","sysmon-loggen\vboxuser","ecd3fa21-7792-41a2-8726-2c5c673414d3","9608","0"
"2025-04-21T07:44:58Z","2025-04-21T10:44:58Z","T1053.005","5","Task Scheduler via VBA","sysmon-loggen","System.Object[]","sysmon-loggen\vboxuser","ecd3fa21-7792-41a2-8726-2c5c673414d3","4468","0"
"2025-04-21T07:45:36Z","2025-04-21T10:45:36Z","T1053.005","5","Task Scheduler via VBA","sysmon-loggen","System.Object[]","sysmon-loggen\vboxuser","ecd3fa21-7792-41a2-8726-2c5c673414d3","1440","0"
"2025-04-21T07:46:06Z","2025-04-21T10:46:06Z","T1053.005","5","Task Scheduler via VBA","sysmon-loggen","System.Object[]","sysmon-loggen\vboxuser","ecd3fa21-7792-41a2-8726-2c5c673414d3","16532","0"
"2025-04-21T07:46:38Z","2025-04-21T10:46:38Z","T1053.005","5","Task Scheduler via VBA","sysmon-loggen","System.Object[]","sysmon-loggen\vboxuser","ecd3fa21-7792-41a2-8726-2c5c673414d3","10052","0"
"2025-04-21T07:47:03Z","2025-04-21T10:47:03Z","T1053.005","5","Task Scheduler via VBA","sysmon-loggen","System.Object[]","sysmon-loggen\vboxuser","ecd3fa21-7792-41a2-8726-2c5c673414d3","8576","0"
"2025-04-21T07:47:28Z","2025-04-21T10:47:28Z","T1053.005","5","Task Scheduler via VBA","sysmon-loggen","System.Object[]","sysmon-loggen\vboxuser","ecd3fa21-7792-41a2-8726-2c5c673414d3","11208","0"
"2025-04-21T07:48:04Z","2025-04-21T10:48:04Z","T1053.005","5","Task Scheduler via VBA","sysmon-loggen","System.Object[]","sysmon-loggen\vboxuser","ecd3fa21-7792-41a2-8726-2c5c673414d3","14340","0"
"2025-04-21T07:48:36Z","2025-04-21T10:48:36Z","T1053.005","5","Task Scheduler via VBA","sysmon-loggen","System.Object[]","sysmon-loggen\vboxuser","ecd3fa21-7792-41a2-8726-2c5c673414d3","4932","0"
"2025-04-21T07:49:11Z","2025-04-21T10:49:11Z","T1053.005","5","Task Scheduler via VBA","sysmon-loggen","System.Object[]","sysmon-loggen\vboxuser","ecd3fa21-7792-41a2-8726-2c5c673414d3","9280","0"
"2025-04-21T07:49:47Z","2025-04-21T10:49:47Z","T1053.005","5","Task Scheduler via VBA","sysmon-loggen","System.Object[]","sysmon-loggen\vboxuser","ecd3fa21-7792-41a2-8726-2c5c673414d3","16608","0"
"2025-04-21T07:50:17Z","2025-04-21T10:50:17Z","T1053.005","5","Task Scheduler via VBA","sysmon-loggen","System.Object[]","sysmon-loggen\vboxuser","ecd3fa21-7792-41a2-8726-2c5c673414d3","8740","0"
"2025-04-21T07:50:51Z","2025-04-21T10:50:51Z","T1053.005","5","Task Scheduler via VBA","sysmon-loggen","System.Object[]","sysmon-loggen\vboxuser","ecd3fa21-7792-41a2-8726-2c5c673414d3","16824","0"
"2025-04-21T07:51:27Z","2025-04-21T10:51:27Z","T1053.005","5","Task Scheduler via VBA","sysmon-loggen","System.Object[]","sysmon-loggen\vboxuser","ecd3fa21-7792-41a2-8726-2c5c673414d3","5408","0"
"2025-04-21T07:52:00Z","2025-04-21T10:52:00Z","T1053.005","5","Task Scheduler via VBA","sysmon-loggen","System.Object[]","sysmon-loggen\vboxuser","ecd3fa21-7792-41a2-8726-2c5c673414d3","15876","0"
"2025-04-21T07:52:31Z","2025-04-21T10:52:31Z","T1053.005","5","Task Scheduler via VBA","sysmon-loggen","System.Object[]","sysmon-loggen\vboxuser","ecd3fa21-7792-41a2-8726-2c5c673414d3","13488","0"
"2025-04-21T07:52:59Z","2025-04-21T10:52:59Z","T1053.005","5","Task Scheduler via VBA","sysmon-loggen","System.Object[]","sysmon-loggen\vboxuser","ecd3fa21-7792-41a2-8726-2c5c673414d3","14060","0"
"2025-04-21T07:53:30Z","2025-04-21T10:53:30Z","T1053.005","5","Task Scheduler via VBA","sysmon-loggen","System.Object[]","sysmon-loggen\vboxuser","ecd3fa21-7792-41a2-8726-2c5c673414d3","16748","0"
"2025-04-21T07:54:13Z","2025-04-21T10:54:13Z","T1053.005","5","Task Scheduler via VBA","sysmon-loggen","System.Object[]","sysmon-loggen\vboxuser","ecd3fa21-7792-41a2-8726-2c5c673414d3","12648","0"
"2025-04-21T07:54:39Z","2025-04-21T10:54:39Z","T1053.005","5","Task Scheduler via VBA","sysmon-loggen","System.Object[]","sysmon-loggen\vboxuser","ecd3fa21-7792-41a2-8726-2c5c673414d3","1556","0"
"2025-04-21T07:55:20Z","2025-04-21T10:55:20Z","T1053.005","5","Task Scheduler via VBA","sysmon-loggen","System.Object[]","sysmon-loggen\vboxuser","ecd3fa21-7792-41a2-8726-2c5c673414d3","16516","0"
"2025-04-21T07:56:00Z","2025-04-21T10:56:00Z","T1053.005","5","Task Scheduler via VBA","sysmon-loggen","System.Object[]","sysmon-loggen\vboxuser","ecd3fa21-7792-41a2-8726-2c5c673414d3","1120","0"
"2025-04-21T07:56:30Z","2025-04-21T10:56:30Z","T1053.005","5","Task Scheduler via VBA","sysmon-loggen","System.Object[]","sysmon-loggen\vboxuser","ecd3fa21-7792-41a2-8726-2c5c673414d3","14144","0"
"2025-04-21T07:56:56Z","2025-04-21T10:56:56Z","T1053.005","5","Task Scheduler via VBA","sysmon-loggen","System.Object[]","sysmon-loggen\vboxuser","ecd3fa21-7792-41a2-8726-2c5c673414d3","3576","0"
"2025-04-21T07:57:42Z","2025-04-21T10:57:42Z","T1053.005","5","Task Scheduler via VBA","sysmon-loggen","System.Object[]","sysmon-loggen\vboxuser","ecd3fa21-7792-41a2-8726-2c5c673414d3","8820","0"
"2025-04-21T07:58:20Z","2025-04-21T10:58:20Z","T1053.005","5","Task Scheduler via VBA","sysmon-loggen","System.Object[]","sysmon-loggen\vboxuser","ecd3fa21-7792-41a2-8726-2c5c673414d3","16996","0"
"2025-04-21T07:58:57Z","2025-04-21T10:58:57Z","T1053.005","5","Task Scheduler via VBA","sysmon-loggen","System.Object[]","sysmon-loggen\vboxuser","ecd3fa21-7792-41a2-8726-2c5c673414d3","4600","0"
"2025-04-21T07:59:34Z","2025-04-21T10:59:34Z","T1053.005","5","Task Scheduler via VBA","sysmon-loggen","System.Object[]","sysmon-loggen\vboxuser","ecd3fa21-7792-41a2-8726-2c5c673414d3","16524","0"
"2025-04-21T08:00:11Z","2025-04-21T11:00:11Z","T1053.005","5","Task Scheduler via VBA","sysmon-loggen","System.Object[]","sysmon-loggen\vboxuser","ecd3fa21-7792-41a2-8726-2c5c673414d3","15088","0"
"2025-04-21T08:00:51Z","2025-04-21T11:00:51Z","T1053.005","5","Task Scheduler via VBA","sysmon-loggen","System.Object[]","sysmon-loggen\vboxuser","ecd3fa21-7792-41a2-8726-2c5c673414d3","4944","0"
"2025-04-21T08:01:18Z","2025-04-21T11:01:18Z","T1053.005","5","Task Scheduler via VBA","sysmon-loggen","System.Object[]","sysmon-loggen\vboxuser","ecd3fa21-7792-41a2-8726-2c5c673414d3","17364","0"
"2025-04-21T08:01:53Z","2025-04-21T11:01:53Z","T1053.005","5","Task Scheduler via VBA","sysmon-loggen","System.Object[]","sysmon-loggen\vboxuser","ecd3fa21-7792-41a2-8726-2c5c673414d3","5788","0"
"2025-04-21T08:02:31Z","2025-04-21T11:02:31Z","T1053.005","5","Task Scheduler via VBA","sysmon-loggen","System.Object[]","sysmon-loggen\vboxuser","ecd3fa21-7792-41a2-8726-2c5c673414d3","7716","0"
"2025-04-21T08:03:04Z","2025-04-21T11:03:04Z","T1053.005","5","Task Scheduler via VBA","sysmon-loggen","System.Object[]","sysmon-loggen\vboxuser","ecd3fa21-7792-41a2-8726-2c5c673414d3","1960","0"
"2025-04-21T08:03:38Z","2025-04-21T11:03:38Z","T1053.005","5","Task Scheduler via VBA","sysmon-loggen","System.Object[]","sysmon-loggen\vboxuser","ecd3fa21-7792-41a2-8726-2c5c673414d3","8104","0"
"2025-04-21T08:04:21Z","2025-04-21T11:04:21Z","T1053.005","5","Task Scheduler via VBA","sysmon-loggen","System.Object[]","sysmon-loggen\vboxuser","ecd3fa21-7792-41a2-8726-2c5c673414d3","15712","0"
"2025-04-21T08:04:47Z","2025-04-21T11:04:47Z","T1053.005","5","Task Scheduler via VBA","sysmon-loggen","System.Object[]","sysmon-loggen\vboxuser","ecd3fa21-7792-41a2-8726-2c5c673414d3","6576","0"
"2025-04-21T08:05:18Z","2025-04-21T11:05:18Z","T1053.005","5","Task Scheduler via VBA","sysmon-loggen","System.Object[]","sysmon-loggen\vboxuser","ecd3fa21-7792-41a2-8726-2c5c673414d3","16468","0"
"2025-04-21T08:05:50Z","2025-04-21T11:05:50Z","T1053.005","5","Task Scheduler via VBA","sysmon-loggen","System.Object[]","sysmon-loggen\vboxuser","ecd3fa21-7792-41a2-8726-2c5c673414d3","13428","0"
"2025-04-21T08:06:21Z","2025-04-21T11:06:21Z","T1053.005","5","Task Scheduler via VBA","sysmon-loggen","System.Object[]","sysmon-loggen\vboxuser","ecd3fa21-7792-41a2-8726-2c5c673414d3","10932","0"
"2025-04-21T08:06:54Z","2025-04-21T11:06:54Z","T1053.005","5","Task Scheduler via VBA","sysmon-loggen","System.Object[]","sysmon-loggen\vboxuser","ecd3fa21-7792-41a2-8726-2c5c673414d3","8104","0"
"2025-04-21T08:07:31Z","2025-04-21T11:07:31Z","T1053.005","5","Task Scheduler via VBA","sysmon-loggen","System.Object[]","sysmon-loggen\vboxuser","ecd3fa21-7792-41a2-8726-2c5c673414d3","13508","0"
"2025-04-21T08:08:10Z","2025-04-21T11:08:10Z","T1053.005","5","Task Scheduler via VBA","sysmon-loggen","System.Object[]","sysmon-loggen\vboxuser","ecd3fa21-7792-41a2-8726-2c5c673414d3","16624","0"
"2025-04-21T08:08:52Z","2025-04-21T11:08:52Z","T1053.005","5","Task Scheduler via VBA","sysmon-loggen","System.Object[]","sysmon-loggen\vboxuser","ecd3fa21-7792-41a2-8726-2c5c673414d3","6920","0"
"2025-04-21T08:09:23Z","2025-04-21T11:09:23Z","T1053.005","5","Task Scheduler via VBA","sysmon-loggen","System.Object[]","sysmon-loggen\vboxuser","ecd3fa21-7792-41a2-8726-2c5c673414d3","16432","0"
"2025-04-21T08:09:52Z","2025-04-21T11:09:52Z","T1053.005","5","Task Scheduler via VBA","sysmon-loggen","System.Object[]","sysmon-loggen\vboxuser","ecd3fa21-7792-41a2-8726-2c5c673414d3","15728","0"
"2025-04-21T08:10:36Z","2025-04-21T11:10:36Z","T1053.005","5","Task Scheduler via VBA","sysmon-loggen","System.Object[]","sysmon-loggen\vboxuser","ecd3fa21-7792-41a2-8726-2c5c673414d3","3508","0"
"2025-04-21T08:11:12Z","2025-04-21T11:11:12Z","T1053.005","5","Task Scheduler via VBA","sysmon-loggen","System.Object[]","sysmon-loggen\vboxuser","ecd3fa21-7792-41a2-8726-2c5c673414d3","16960","0"
"2025-04-21T08:11:58Z","2025-04-21T11:11:58Z","T1053.005","5","Task Scheduler via VBA","sysmon-loggen","System.Object[]","sysmon-loggen\vboxuser","ecd3fa21-7792-41a2-8726-2c5c673414d3","17240","0"
"2025-04-21T08:12:44Z","2025-04-21T11:12:44Z","T1053.005","5","Task Scheduler via VBA","sysmon-loggen","System.Object[]","sysmon-loggen\vboxuser","ecd3fa21-7792-41a2-8726-2c5c673414d3","6140","0"
"2025-04-21T08:13:24Z","2025-04-21T11:13:24Z","T1053.005","5","Task Scheduler via VBA","sysmon-loggen","System.Object[]","sysmon-loggen\vboxuser","ecd3fa21-7792-41a2-8726-2c5c673414d3","14580","0"
"2025-04-21T08:13:53Z","2025-04-21T11:13:53Z","T1053.005","5","Task Scheduler via VBA","sysmon-loggen","System.Object[]","sysmon-loggen\vboxuser","ecd3fa21-7792-41a2-8726-2c5c673414d3","16612","0"
"2025-04-21T08:14:22Z","2025-04-21T11:14:22Z","T1053.005","5","Task Scheduler via VBA","sysmon-loggen","System.Object[]","sysmon-loggen\vboxuser","ecd3fa21-7792-41a2-8726-2c5c673414d3","1344","0"
"2025-04-21T08:14:54Z","2025-04-21T11:14:54Z","T1053.005","5","Task Scheduler via VBA","sysmon-loggen","System.Object[]","sysmon-loggen\vboxuser","ecd3fa21-7792-41a2-8726-2c5c673414d3","12220","0"
"2025-04-21T08:15:35Z","2025-04-21T11:15:35Z","T1053.005","5","Task Scheduler via VBA","sysmon-loggen","System.Object[]","sysmon-loggen\vboxuser","ecd3fa21-7792-41a2-8726-2c5c673414d3","15412","0"
"2025-04-21T08:16:15Z","2025-04-21T11:16:15Z","T1053.005","5","Task Scheduler via VBA","sysmon-loggen","System.Object[]","sysmon-loggen\vboxuser","ecd3fa21-7792-41a2-8726-2c5c673414d3","10104","0"
"2025-04-21T08:16:56Z","2025-04-21T11:16:56Z","T1053.005","5","Task Scheduler via VBA","sysmon-loggen","System.Object[]","sysmon-loggen\vboxuser","ecd3fa21-7792-41a2-8726-2c5c673414d3","10864","0"
"2025-04-21T08:17:38Z","2025-04-21T11:17:38Z","T1053.005","5","Task Scheduler via VBA","sysmon-loggen","System.Object[]","sysmon-loggen\vboxuser","ecd3fa21-7792-41a2-8726-2c5c673414d3","8936","0"
"2025-04-21T08:18:19Z","2025-04-21T11:18:19Z","T1053.005","5","Task Scheduler via VBA","sysmon-loggen","System.Object[]","sysmon-loggen\vboxuser","ecd3fa21-7792-41a2-8726-2c5c673414d3","3936","0"
"2025-04-21T08:19:01Z","2025-04-21T11:19:01Z","T1053.005","5","Task Scheduler via VBA","sysmon-loggen","System.Object[]","sysmon-loggen\vboxuser","ecd3fa21-7792-41a2-8726-2c5c673414d3","16988","0"
"2025-04-21T08:19:40Z","2025-04-21T11:19:40Z","T1053.005","5","Task Scheduler via VBA","sysmon-loggen","System.Object[]","sysmon-loggen\vboxuser","ecd3fa21-7792-41a2-8726-2c5c673414d3","7704","0"
"2025-04-21T08:20:29Z","2025-04-21T11:20:29Z","T1053.005","5","Task Scheduler via VBA","sysmon-loggen","System.Object[]","sysmon-loggen\vboxuser","ecd3fa21-7792-41a2-8726-2c5c673414d3","11280","0"
"2025-04-21T08:21:01Z","2025-04-21T11:21:01Z","T1053.005","5","Task Scheduler via VBA","sysmon-loggen","System.Object[]","sysmon-loggen\vboxuser","ecd3fa21-7792-41a2-8726-2c5c673414d3","14260","0"
"2025-04-21T08:21:34Z","2025-04-21T11:21:34Z","T1053.005","5","Task Scheduler via VBA","sysmon-loggen","System.Object[]","sysmon-loggen\vboxuser","ecd3fa21-7792-41a2-8726-2c5c673414d3","15548","0"
"2025-04-21T08:22:24Z","2025-04-21T11:22:24Z","T1053.005","5","Task Scheduler via VBA","sysmon-loggen","System.Object[]","sysmon-loggen\vboxuser","ecd3fa21-7792-41a2-8726-2c5c673414d3","8472","0"
"2025-04-21T08:23:04Z","2025-04-21T11:23:04Z","T1053.005","5","Task Scheduler via VBA","sysmon-loggen","System.Object[]","sysmon-loggen\vboxuser","ecd3fa21-7792-41a2-8726-2c5c673414d3","4216","0"
"2025-04-21T08:23:49Z","2025-04-21T11:23:49Z","T1053.005","5","Task Scheduler via VBA","sysmon-loggen","System.Object[]","sysmon-loggen\vboxuser","ecd3fa21-7792-41a2-8726-2c5c673414d3","9836","0"
"2025-04-21T08:24:24Z","2025-04-21T11:24:24Z","T1053.005","5","Task Scheduler via VBA","sysmon-loggen","System.Object[]","sysmon-loggen\vboxuser","ecd3fa21-7792-41a2-8726-2c5c673414d3","16420","0"
"2025-04-21T08:24:53Z","2025-04-21T11:24:53Z","T1053.005","5","Task Scheduler via VBA","sysmon-loggen","System.Object[]","sysmon-loggen\vboxuser","ecd3fa21-7792-41a2-8726-2c5c673414d3","10728","0"
"2025-04-21T08:25:31Z","2025-04-21T11:25:31Z","T1053.005","5","Task Scheduler via VBA","sysmon-loggen","System.Object[]","sysmon-loggen\vboxuser","ecd3fa21-7792-41a2-8726-2c5c673414d3","14344","0"
"2025-04-21T08:26:06Z","2025-04-21T11:26:06Z","T1053.005","5","Task Scheduler via VBA","sysmon-loggen","System.Object[]","sysmon-loggen\vboxuser","ecd3fa21-7792-41a2-8726-2c5c673414d3","7232","0"
"2025-04-21T08:26:40Z","2025-04-21T11:26:40Z","T1053.005","5","Task Scheduler via VBA","sysmon-loggen","System.Object[]","sysmon-loggen\vboxuser","ecd3fa21-7792-41a2-8726-2c5c673414d3","15704","0"
"2025-04-21T08:27:21Z","2025-04-21T11:27:21Z","T1053.005","5","Task Scheduler via VBA","sysmon-loggen","System.Object[]","sysmon-loggen\vboxuser","ecd3fa21-7792-41a2-8726-2c5c673414d3","5776","0"
"2025-04-21T08:28:11Z","2025-04-21T11:28:11Z","T1053.005","5","Task Scheduler via VBA","sysmon-loggen","System.Object[]","sysmon-loggen\vboxuser","ecd3fa21-7792-41a2-8726-2c5c673414d3","15272","0"
"2025-04-21T08:28:51Z","2025-04-21T11:28:51Z","T1053.005","5","Task Scheduler via VBA","sysmon-loggen","System.Object[]","sysmon-loggen\vboxuser","ecd3fa21-7792-41a2-8726-2c5c673414d3","15096","0"
"2025-04-21T08:29:24Z","2025-04-21T11:29:24Z","T1053.005","5","Task Scheduler via VBA","sysmon-loggen","System.Object[]","sysmon-loggen\vboxuser","ecd3fa21-7792-41a2-8726-2c5c673414d3","13624","0"
"2025-04-21T08:30:03Z","2025-04-21T11:30:03Z","T1053.005","5","Task Scheduler via VBA","sysmon-loggen","System.Object[]","sysmon-loggen\vboxuser","ecd3fa21-7792-41a2-8726-2c5c673414d3","15004","0"
"2025-04-21T08:30:47Z","2025-04-21T11:30:47Z","T1053.005","5","Task Scheduler via VBA","sysmon-loggen","System.Object[]","sysmon-loggen\vboxuser","ecd3fa21-7792-41a2-8726-2c5c673414d3","12772","0"
"2025-04-21T08:31:34Z","2025-04-21T11:31:34Z","T1053.005","5","Task Scheduler via VBA","sysmon-loggen","System.Object[]","sysmon-loggen\vboxuser","ecd3fa21-7792-41a2-8726-2c5c673414d3","17120","0"
"2025-04-21T08:32:10Z","2025-04-21T11:32:10Z","T1053.005","5","Task Scheduler via VBA","sysmon-loggen","System.Object[]","sysmon-loggen\vboxuser","ecd3fa21-7792-41a2-8726-2c5c673414d3","1488","0"
"2025-04-21T08:32:47Z","2025-04-21T11:32:47Z","T1053.005","5","Task Scheduler via VBA","sysmon-loggen","System.Object[]","sysmon-loggen\vboxuser","ecd3fa21-7792-41a2-8726-2c5c673414d3","14544","0"
"2025-04-21T08:33:32Z","2025-04-21T11:33:32Z","T1053.005","5","Task Scheduler via VBA","sysmon-loggen","System.Object[]","sysmon-loggen\vboxuser","ecd3fa21-7792-41a2-8726-2c5c673414d3","12132","0"
"2025-04-21T08:34:12Z","2025-04-21T11:34:12Z","T1053.005","5","Task Scheduler via VBA","sysmon-loggen","System.Object[]","sysmon-loggen\vboxuser","ecd3fa21-7792-41a2-8726-2c5c673414d3","9600","0"
"2025-04-21T08:34:42Z","2025-04-21T11:34:42Z","T1053.005","5","Task Scheduler via VBA","sysmon-loggen","System.Object[]","sysmon-loggen\vboxuser","ecd3fa21-7792-41a2-8726-2c5c673414d3","3032","0"
"2025-04-21T08:35:23Z","2025-04-21T11:35:23Z","T1053.005","5","Task Scheduler via VBA","sysmon-loggen","System.Object[]","sysmon-loggen\vboxuser","ecd3fa21-7792-41a2-8726-2c5c673414d3","10968","0"
"2025-04-21T08:36:06Z","2025-04-21T11:36:06Z","T1053.005","5","Task Scheduler via VBA","sysmon-loggen","System.Object[]","sysmon-loggen\vboxuser","ecd3fa21-7792-41a2-8726-2c5c673414d3","2412","0"
"2025-04-21T08:36:49Z","2025-04-21T11:36:49Z","T1053.005","5","Task Scheduler via VBA","sysmon-loggen","System.Object[]","sysmon-loggen\vboxuser","ecd3fa21-7792-41a2-8726-2c5c673414d3","11200","0"
"2025-04-21T08:37:24Z","2025-04-21T11:37:24Z","T1053.005","5","Task Scheduler via VBA","sysmon-loggen","System.Object[]","sysmon-loggen\vboxuser","ecd3fa21-7792-41a2-8726-2c5c673414d3","11092","0"
"2025-04-21T08:37:51Z","2025-04-21T11:37:51Z","T1053.005","5","Task Scheduler via VBA","sysmon-loggen","System.Object[]","sysmon-loggen\vboxuser","ecd3fa21-7792-41a2-8726-2c5c673414d3","15772","0"
"2025-04-21T08:38:33Z","2025-04-21T11:38:33Z","T1053.005","5","Task Scheduler via VBA","sysmon-loggen","System.Object[]","sysmon-loggen\vboxuser","ecd3fa21-7792-41a2-8726-2c5c673414d3","2844","0"
"2025-04-21T08:39:04Z","2025-04-21T11:39:04Z","T1053.005","5","Task Scheduler via VBA","sysmon-loggen","System.Object[]","sysmon-loggen\vboxuser","ecd3fa21-7792-41a2-8726-2c5c673414d3","1264","0"
"2025-04-21T08:39:44Z","2025-04-21T11:39:44Z","T1053.005","5","Task Scheduler via VBA","sysmon-loggen","System.Object[]","sysmon-loggen\vboxuser","ecd3fa21-7792-41a2-8726-2c5c673414d3","5072","0"
"2025-04-21T08:40:16Z","2025-04-21T11:40:16Z","T1053.005","5","Task Scheduler via VBA","sysmon-loggen","System.Object[]","sysmon-loggen\vboxuser","ecd3fa21-7792-41a2-8726-2c5c673414d3","12392","0"
"2025-04-21T08:40:57Z","2025-04-21T11:40:57Z","T1053.005","5","Task Scheduler via VBA","sysmon-loggen","System.Object[]","sysmon-loggen\vboxuser","ecd3fa21-7792-41a2-8726-2c5c673414d3","16368","0"
"2025-04-21T08:41:39Z","2025-04-21T11:41:39Z","T1053.005","5","Task Scheduler via VBA","sysmon-loggen","System.Object[]","sysmon-loggen\vboxuser","ecd3fa21-7792-41a2-8726-2c5c673414d3","5156","0"
"2025-04-21T08:42:25Z","2025-04-21T11:42:25Z","T1053.005","5","Task Scheduler via VBA","sysmon-loggen","System.Object[]","sysmon-loggen\vboxuser","ecd3fa21-7792-41a2-8726-2c5c673414d3","6604","0"
"2025-04-21T08:42:53Z","2025-04-21T11:42:53Z","T1053.005","5","Task Scheduler via VBA","sysmon-loggen","System.Object[]","sysmon-loggen\vboxuser","ecd3fa21-7792-41a2-8726-2c5c673414d3","6736","0"
"2025-04-21T08:43:31Z","2025-04-21T11:43:31Z","T1053.005","5","Task Scheduler via VBA","sysmon-loggen","System.Object[]","sysmon-loggen\vboxuser","ecd3fa21-7792-41a2-8726-2c5c673414d3","12308","0"
"2025-04-21T08:44:07Z","2025-04-21T11:44:07Z","T1053.005","5","Task Scheduler via VBA","sysmon-loggen","System.Object[]","sysmon-loggen\vboxuser","ecd3fa21-7792-41a2-8726-2c5c673414d3","4680","0"
"2025-04-21T08:44:48Z","2025-04-21T11:44:48Z","T1053.005","5","Task Scheduler via VBA","sysmon-loggen","System.Object[]","sysmon-loggen\vboxuser","ecd3fa21-7792-41a2-8726-2c5c673414d3","6228","0"
"2025-04-21T08:45:24Z","2025-04-21T11:45:24Z","T1053.005","5","Task Scheduler via VBA","sysmon-loggen","System.Object[]","sysmon-loggen\vboxuser","ecd3fa21-7792-41a2-8726-2c5c673414d3","9400","0"
"2025-04-21T08:46:09Z","2025-04-21T11:46:09Z","T1053.005","5","Task Scheduler via VBA","sysmon-loggen","System.Object[]","sysmon-loggen\vboxuser","ecd3fa21-7792-41a2-8726-2c5c673414d3","13324","0"
"2025-04-21T08:46:42Z","2025-04-21T11:46:42Z","T1053.005","5","Task Scheduler via VBA","sysmon-loggen","System.Object[]","sysmon-loggen\vboxuser","ecd3fa21-7792-41a2-8726-2c5c673414d3","3840","0"
"2025-04-21T08:47:12Z","2025-04-21T11:47:12Z","T1053.005","5","Task Scheduler via VBA","sysmon-loggen","System.Object[]","sysmon-loggen\vboxuser","ecd3fa21-7792-41a2-8726-2c5c673414d3","5048","0"
"2025-04-21T08:47:46Z","2025-04-21T11:47:46Z","T1053.005","5","Task Scheduler via VBA","sysmon-loggen","System.Object[]","sysmon-loggen\vboxuser","ecd3fa21-7792-41a2-8726-2c5c673414d3","16380","0"
"2025-04-21T08:48:22Z","2025-04-21T11:48:22Z","T1053.005","5","Task Scheduler via VBA","sysmon-loggen","System.Object[]","sysmon-loggen\vboxuser","ecd3fa21-7792-41a2-8726-2c5c673414d3","16640","0"
"2025-04-21T08:48:59Z","2025-04-21T11:48:59Z","T1053.005","5","Task Scheduler via VBA","sysmon-loggen","System.Object[]","sysmon-loggen\vboxuser","ecd3fa21-7792-41a2-8726-2c5c673414d3","3600","0"
"2025-04-21T08:49:35Z","2025-04-21T11:49:35Z","T1053.005","5","Task Scheduler via VBA","sysmon-loggen","System.Object[]","sysmon-loggen\vboxuser","ecd3fa21-7792-41a2-8726-2c5c673414d3","8740","0"
"2025-04-21T08:50:13Z","2025-04-21T11:50:13Z","T1053.005","5","Task Scheduler via VBA","sysmon-loggen","System.Object[]","sysmon-loggen\vboxuser","ecd3fa21-7792-41a2-8726-2c5c673414d3","6260","0"
"2025-04-21T08:50:52Z","2025-04-21T11:50:52Z","T1053.005","5","Task Scheduler via VBA","sysmon-loggen","System.Object[]","sysmon-loggen\vboxuser","ecd3fa21-7792-41a2-8726-2c5c673414d3","11612","0"
"2025-04-21T08:51:19Z","2025-04-21T11:51:19Z","T1053.005","5","Task Scheduler via VBA","sysmon-loggen","System.Object[]","sysmon-loggen\vboxuser","ecd3fa21-7792-41a2-8726-2c5c673414d3","17208","0"
"2025-04-21T08:51:54Z","2025-04-21T11:51:54Z","T1053.005","5","Task Scheduler via VBA","sysmon-loggen","System.Object[]","sysmon-loggen\vboxuser","ecd3fa21-7792-41a2-8726-2c5c673414d3","4660","0"
"2025-04-21T08:52:35Z","2025-04-21T11:52:35Z","T1053.005","5","Task Scheduler via VBA","sysmon-loggen","System.Object[]","sysmon-loggen\vboxuser","ecd3fa21-7792-41a2-8726-2c5c673414d3","11372","0"
"2025-04-21T08:53:17Z","2025-04-21T11:53:17Z","T1053.005","5","Task Scheduler via VBA","sysmon-loggen","System.Object[]","sysmon-loggen\vboxuser","ecd3fa21-7792-41a2-8726-2c5c673414d3","7932","0"
"2025-04-21T08:53:58Z","2025-04-21T11:53:58Z","T1053.005","5","Task Scheduler via VBA","sysmon-loggen","System.Object[]","sysmon-loggen\vboxuser","ecd3fa21-7792-41a2-8726-2c5c673414d3","14520","0"
"2025-04-21T08:54:32Z","2025-04-21T11:54:32Z","T1053.005","5","Task Scheduler via VBA","sysmon-loggen","System.Object[]","sysmon-loggen\vboxuser","ecd3fa21-7792-41a2-8726-2c5c673414d3","10320","0"
"2025-04-21T08:55:02Z","2025-04-21T11:55:02Z","T1053.005","5","Task Scheduler via VBA","sysmon-loggen","System.Object[]","sysmon-loggen\vboxuser","ecd3fa21-7792-41a2-8726-2c5c673414d3","14432","0"
"2025-04-21T08:55:38Z","2025-04-21T11:55:38Z","T1053.005","5","Task Scheduler via VBA","sysmon-loggen","System.Object[]","sysmon-loggen\vboxuser","ecd3fa21-7792-41a2-8726-2c5c673414d3","5252","0"
"2025-04-21T08:56:19Z","2025-04-21T11:56:19Z","T1053.005","5","Task Scheduler via VBA","sysmon-loggen","System.Object[]","sysmon-loggen\vboxuser","ecd3fa21-7792-41a2-8726-2c5c673414d3","8536","0"
"2025-04-21T08:56:58Z","2025-04-21T11:56:58Z","T1053.005","5","Task Scheduler via VBA","sysmon-loggen","System.Object[]","sysmon-loggen\vboxuser","ecd3fa21-7792-41a2-8726-2c5c673414d3","12524","0"
"2025-04-21T08:57:43Z","2025-04-21T11:57:43Z","T1053.005","5","Task Scheduler via VBA","sysmon-loggen","System.Object[]","sysmon-loggen\vboxuser","ecd3fa21-7792-41a2-8726-2c5c673414d3","4656","0"
"2025-04-21T08:58:25Z","2025-04-21T11:58:25Z","T1053.005","5","Task Scheduler via VBA","sysmon-loggen","System.Object[]","sysmon-loggen\vboxuser","ecd3fa21-7792-41a2-8726-2c5c673414d3","16700","0"
"2025-04-21T08:59:12Z","2025-04-21T11:59:12Z","T1053.005","5","Task Scheduler via VBA","sysmon-loggen","System.Object[]","sysmon-loggen\vboxuser","ecd3fa21-7792-41a2-8726-2c5c673414d3","12412","0"
